,time,wat,data
0,14.7452,WARNING ,"User requested fullscreen with size [1536  864], but screen is actually [1920, 1080]. Using actual size"
2,16.5604,EXP ,window1: recordFrameIntervals = False
3,16.7256,EXP ,window1: recordFrameIntervals = True
4,16.9098,EXP ,window1: recordFrameIntervals = False
5,17.2809,EXP ,"Created start_mess_inst = TextStim(alignHoriz='center', alignVert='center', antialias=True, autoLog=True, bold=False, color='white', colorSpace='named', contrast=1.0, depth=-1.0, flipHoriz=False, flipVert=False, font='Arial', fontFiles=[], height=0.07, italic=False, name='start_mess_inst', opacity=1.0, ori=0, pos=array([ 0.,  0.]), rgb=array([ 255.,  255.,  255.]), text=unicode(...), units=u'norm', win=Window(...), wrapWidth=1.5)"
6,17.3426,EXP ,"Created ton_data_inst = TextStim(alignHoriz='center', alignVert='center', antialias=True, autoLog=True, bold=False, color='white', colorSpace='named', contrast=1.0, depth=0.0, flipHoriz=False, flipVert=False, font='Arial', fontFiles=[], height=0.07, italic=False, name='ton_data_inst', opacity=1.0, ori=0, pos=array([ 0.,  0.]), rgb=array([ 255.,  255.,  255.]), text=unicode(...), units=u'norm', win=Window(...), wrapWidth=1.5)"
7,17.4351,EXP ,"Created prim_inst = TextStim(alignHoriz='center', alignVert='center', antialias=True, autoLog=True, bold=False, color='white', colorSpace='named', contrast=1.0, depth=0.0, flipHoriz=False, flipVert=False, font='Arial', fontFiles=[], height=0.07, italic=False, name='prim_inst', opacity=1.0, ori=0, pos=array([ 0.,  0.]), rgb=array([ 255.,  255.,  255.]), text=unicode(...), units=u'norm', win=Window(...), wrapWidth=1.5)"
8,17.6244,EXP ,"Created av_inst = TextStim(alignHoriz='center', alignVert='center', antialias=True, autoLog=True, bold=False, color='white', colorSpace='named', contrast=1.0, depth=0.0, flipHoriz=False, flipVert=False, font='Arial', fontFiles=[], height=0.07, italic=False, name='av_inst', opacity=1.0, ori=0, pos=array([ 0.,  0.]), rgb=array([ 255.,  255.,  255.]), text=unicode(...), units=u'norm', win=Window(...), wrapWidth=1.5)"
9,17.687,EXP ,"Created dec_inst = TextStim(alignHoriz='center', alignVert='center', antialias=True, autoLog=True, bold=False, color='white', colorSpace='named', contrast=1.0, depth=0.0, flipHoriz=False, flipVert=False, font='Arial', fontFiles=[], height=0.07, italic=False, name='dec_inst', opacity=1.0, ori=0, pos=array([ 0.,  0.]), rgb=array([ 255.,  255.,  255.]), text=unicode(...), units=u'norm', win=Window(...), wrapWidth=1.5)"
10,17.8956,EXP ,"Created pers_quest_inst = TextStim(alignHoriz='center', alignVert='center', antialias=True, autoLog=True, bold=False, color='white', colorSpace='named', contrast=1.0, depth=0.0, flipHoriz=False, flipVert=False, font='Arial', fontFiles=[], height=0.07, italic=False, name='pers_quest_inst', opacity=1.0, ori=0, pos=array([ 0.,  0.]), rgb=array([ 255.,  255.,  255.]), text=unicode(...), units=u'norm', win=Window(...), wrapWidth=1.5)"
11,17.9313,EXP ,"Created ref_att_inst1 = TextStim(alignHoriz='center', alignVert='center', antialias=True, autoLog=True, bold=False, color='white', colorSpace='named', contrast=1.0, depth=0.0, flipHoriz=False, flipVert=False, font='Arial', fontFiles=[], height=0.07, italic=False, name='ref_att_inst1', opacity=1.0, ori=0, pos=array([ 0. ,  0.5]), rgb=array([ 255.,  255.,  255.]), text=unicode(...), units=u'norm', win=Window(...), wrapWidth=1.5)"
12,17.9496,EXP ,"Created ref_att_quest1 = TextStim(alignHoriz='center', alignVert='center', antialias=True, autoLog=True, bold=False, color='white', colorSpace='named', contrast=1.0, depth=-1.0, flipHoriz=False, flipVert=False, font='Arial', fontFiles=[], height=0.1, italic=False, name='ref_att_quest1', opacity=1.0, ori=0, pos=array([ 0. , -0.1]), rgb=array([ 255.,  255.,  255.]), text=u'default text', units=u'norm', win=Window(...), wrapWidth=1.5)"
13,18.1219,EXP ,"Created ref_att_scale1 = RatingScale(acceptKeys=['return'], acceptPreText=UNKNOWN, acceptSize=UNKNOWN, acceptText=u'accept?', autoLog=True, choices=False, depth=0, disappear=False, flipVert=False, high=5, kwargs=UNKNOWN, labels=list(...), leftKeys=['left'], lineColor='White', low=1, marker=ShapeStim(...), markerColor='DarkBlue', markerExpansion=UNKNOWN, markerStart=None, maxTime=0.0, minTime=0.4, mouseOnly=False, name='ref_att_scale1', noMouse=False, pos=[0.0, -0.7], precision=1, respKeys=['1', '2', '3', '4', '5'], rightKeys=['right'], scale=str(...), self=UNKNOWN, showAccept=True, showValue=True, singleClick=False, size=0.6, skipKeys=['tab'], stretch=1.0, textColor='LightGray', textFont='Helvetica Bold', textSize=0.12, tickHeight=1.0, tickMarks=4.0, win=Window(...))"
14,18.1582,EXP ,"Created ref_att_inst2 = TextStim(alignHoriz='center', alignVert='center', antialias=True, autoLog=True, bold=False, color='white', colorSpace='named', contrast=1.0, depth=0.0, flipHoriz=False, flipVert=False, font='Arial', fontFiles=[], height=0.07, italic=False, name='ref_att_inst2', opacity=1.0, ori=0, pos=array([ 0. ,  0.5]), rgb=array([ 255.,  255.,  255.]), text=unicode(...), units=u'norm', win=Window(...), wrapWidth=1.5)"
15,18.1685,EXP ,"Created ref_att_quest2 = TextStim(alignHoriz='center', alignVert='center', antialias=True, autoLog=True, bold=False, color='white', colorSpace='named', contrast=1.0, depth=-1.0, flipHoriz=False, flipVert=False, font='Arial', fontFiles=[], height=0.1, italic=False, name='ref_att_quest2', opacity=1.0, ori=0, pos=array([ 0. , -0.1]), rgb=array([ 255.,  255.,  255.]), text=u'default text', units=u'norm', win=Window(...), wrapWidth=1)"
16,18.2386,EXP ,"Created ref_att_scale2 = RatingScale(acceptKeys=['return'], acceptPreText=UNKNOWN, acceptSize=UNKNOWN, acceptText=u'accept?', autoLog=True, choices=False, depth=0, disappear=False, flipVert=False, high=5, kwargs=UNKNOWN, labels=list(...), leftKeys=['left'], lineColor='White', low=1, marker=ShapeStim(...), markerColor='DarkBlue', markerExpansion=UNKNOWN, markerStart=None, maxTime=0.0, minTime=0.4, mouseOnly=False, name='ref_att_scale2', noMouse=False, pos=[0.0, -0.7], precision=1, respKeys=['1', '2', '3', '4', '5'], rightKeys=['right'], scale=str(...), self=UNKNOWN, showAccept=True, showValue=True, singleClick=False, size=0.6, skipKeys=['tab'], stretch=1.0, textColor='LightGray', textFont='Helvetica Bold', textSize=0.12, tickHeight=1.0, tickMarks=4.0, win=Window(...))"
17,18.3914,EXP ,"Created ref_int_inst1 = TextStim(alignHoriz='center', alignVert='center', antialias=True, autoLog=True, bold=False, color='white', colorSpace='named', contrast=1.0, depth=0.0, flipHoriz=False, flipVert=False, font='Arial', fontFiles=[], height=0.07, italic=False, name='ref_int_inst1', opacity=1.0, ori=0, pos=array([ 0. ,  0.5]), rgb=array([ 255.,  255.,  255.]), text=unicode(...), units=u'norm', win=Window(...), wrapWidth=1.5)"
18,18.4017,EXP ,"Created ref_int_quest1 = TextStim(alignHoriz='center', alignVert='center', antialias=True, autoLog=True, bold=False, color='white', colorSpace='named', contrast=1.0, depth=-1.0, flipHoriz=False, flipVert=False, font='Arial', fontFiles=[], height=0.1, italic=False, name='ref_int_quest1', opacity=1.0, ori=0, pos=array([ 0. , -0.1]), rgb=array([ 255.,  255.,  255.]), text=u'default text', units=u'norm', win=Window(...), wrapWidth=1.5)"
19,18.4707,EXP ,"Created ref_int_scale1 = RatingScale(acceptKeys=['return'], acceptPreText=UNKNOWN, acceptSize=UNKNOWN, acceptText=u'accept?', autoLog=True, choices=False, depth=0, disappear=False, flipVert=False, high=5, kwargs=UNKNOWN, labels=list(...), leftKeys=['left'], lineColor='White', low=1, marker=ShapeStim(...), markerColor='DarkBlue', markerExpansion=UNKNOWN, markerStart=None, maxTime=0.0, minTime=0.4, mouseOnly=False, name='ref_int_scale1', noMouse=False, pos=[0.0, -0.7], precision=1, respKeys=['1', '2', '3', '4', '5'], rightKeys=['right'], scale=str(...), self=UNKNOWN, showAccept=True, showValue=True, singleClick=False, size=0.6, skipKeys=['tab'], stretch=1.0, textColor='LightGray', textFont='Helvetica Bold', textSize=0.12, tickHeight=1.0, tickMarks=4.0, win=Window(...))"
20,18.5306,EXP ,"Created ref_int_inst2 = TextStim(alignHoriz='center', alignVert='center', antialias=True, autoLog=True, bold=False, color='white', colorSpace='named', contrast=1.0, depth=0.0, flipHoriz=False, flipVert=False, font='Arial', fontFiles=[], height=0.07, italic=False, name='ref_int_inst2', opacity=1.0, ori=0, pos=array([ 0. ,  0.5]), rgb=array([ 255.,  255.,  255.]), text=unicode(...), units=u'norm', win=Window(...), wrapWidth=1.5)"
21,18.5417,EXP ,"Created ref_int_quest2 = TextStim(alignHoriz='center', alignVert='center', antialias=True, autoLog=True, bold=False, color='white', colorSpace='named', contrast=1.0, depth=-1.0, flipHoriz=False, flipVert=False, font='Arial', fontFiles=[], height=0.1, italic=False, name='ref_int_quest2', opacity=1.0, ori=0, pos=array([ 0. , -0.1]), rgb=array([ 255.,  255.,  255.]), text=u'default text', units=u'norm', win=Window(...), wrapWidth=1)"
22,18.6112,EXP ,"Created ref_int_scale2 = RatingScale(acceptKeys=['return'], acceptPreText=UNKNOWN, acceptSize=UNKNOWN, acceptText=u'accept?', autoLog=True, choices=False, depth=0, disappear=False, flipVert=False, high=5, kwargs=UNKNOWN, labels=list(...), leftKeys=['left'], lineColor='White', low=1, marker=ShapeStim(...), markerColor='DarkBlue', markerExpansion=UNKNOWN, markerStart=None, maxTime=0.0, minTime=0.4, mouseOnly=False, name='ref_int_scale2', noMouse=False, pos=[0.0, -0.7], precision=1, respKeys=['1', '2', '3', '4', '5'], rightKeys=['right'], scale=str(...), self=UNKNOWN, showAccept=True, showValue=True, singleClick=False, size=0.6, skipKeys=['tab'], stretch=1.0, textColor='LightGray', textFont='Helvetica Bold', textSize=0.12, tickHeight=1.0, tickMarks=4.0, win=Window(...))"
23,18.8854,EXP ,"Created trust_rat_inst = TextStim(alignHoriz='center', alignVert='center', antialias=True, autoLog=True, bold=False, color='white', colorSpace='named', contrast=1.0, depth=0.0, flipHoriz=False, flipVert=False, font='Arial', fontFiles=[], height=0.07, italic=False, name='trust_rat_inst', opacity=1.0, ori=0, pos=array([ 0.,  0.]), rgb=array([ 255.,  255.,  255.]), text=unicode(...), units=u'norm', win=Window(...), wrapWidth=1.5)"
24,18.946,EXP ,"Created end_mess_inst = TextStim(alignHoriz='center', alignVert='center', antialias=True, autoLog=True, bold=False, color='white', colorSpace='named', contrast=1.0, depth=0.0, flipHoriz=False, flipVert=False, font='Arial', fontFiles=[], height=0.1, italic=False, name='end_mess_inst', opacity=1.0, ori=0, pos=array([ 0.,  0.]), rgb=array([ 255.,  255.,  255.]), text=unicode(...), units=u'norm', win=Window(...), wrapWidth=1)"
26,18.9577,EXP ,ref_att_scale1: flipVert = False
27,18.9577,EXP ,ref_att_scale1: autoLog = True
28,18.9577,EXP ,ref_att_scale2: flipVert = False
29,18.9577,EXP ,ref_att_scale2: autoLog = True
30,18.9577,EXP ,ref_int_scale1: flipVert = False
31,18.9577,EXP ,ref_int_scale1: autoLog = True
32,18.9577,EXP ,ref_int_scale2: flipVert = False
33,18.9577,EXP ,ref_int_scale2: autoLog = True
34,18.9577,EXP ,start_mess_inst: autoDraw = True
2749,64.1713,DATA ,Keypress: space
2750,64.1739,EXP ,"Imported condition.csv as conditions, 2 conditions, 2 params"
2751,64.1743,EXP ,"Created sequence: random, trialTypes=2, nReps=1, seed=None"
2752,64.1747,EXP ,"New trial (rep=0, index=0): {'avatar': u'C:\\Users\\default.DMXIA_SIMO83\\Desktop\\Booth\\experiment\\I_b1w2\\videos\\w2.mp4', 'priming': u'C:\\Users\\default.DMXIA_SIMO83\\Desktop\\Booth\\experiment\\I_b1w2\\videos\\p2.mp4'}"
2754,64.188,EXP ,start_mess_inst: autoDraw = False
2755,64.188,EXP ,ton_data_inst: autoDraw = True
3056,69.186,DATA ,Keypress: space
9931,184.1827,EXP ,ton_data_inst: autoDraw = False
9932,186.7159,DATA ,Keypress: space
9934,186.7316,EXP ,ton_data_inst: autoDraw = False
9935,186.7316,EXP ,prim_inst: autoDraw = True
10319,193.1127,DATA ,Keypress: space
10321,198.2978,EXP ,prim_inst: autoDraw = False
10322,198.2978,EXP ,prim_mov: movie = u'C:\\Users\\default.DMXIA_SIMO83\\Desktop\\Booth\\experiment\\I_b1w2\\videos\\p2.mp4'
10323,198.2978,EXP ,prim_mov: autoLog = True
10324,198.2978,EXP ,prim_mov: autoDraw = True
10334,383.8,WARNING ,Multiple Movie frames have occurred - I'll stop bothering you about them!
10335,598.9202,EXP ,Set prim_mov finished
10337,598.9408,EXP ,prim_mov: autoDraw = False
10338,598.9408,EXP ,av_inst: autoDraw = True
10349,599.1114,EXP ,Set prim_mov finished
11603,619.9851,DATA ,Keypress: space
11605,620.1207,EXP ,av_inst: autoDraw = False
11606,620.1207,EXP ,av_mov: movie = u'C:\\Users\\default.DMXIA_SIMO83\\Desktop\\Booth\\experiment\\I_b1w2\\videos\\w2.mp4'
11607,620.1207,EXP ,av_mov: autoLog = True
11608,620.1207,EXP ,av_mov: autoDraw = True
11618,691.7,WARNING ,Multiple Movie frames have occurred - I'll stop bothering you about them!
11619,920.4262,EXP ,Set av_mov finished
11621,920.4479,EXP ,av_mov: autoDraw = False
11622,920.4479,EXP ,dec_inst: autoDraw = True
11630,920.5654,EXP ,Set av_mov finished
12083,928.0952,DATA ,Keypress: y
12085,928.1115,EXP ,dec_inst: autoDraw = False
12086,928.1115,EXP ,pers_quest_inst: autoDraw = True
13732,955.5159,DATA ,Keypress: space
13733,955.5179,EXP ,"Imported PIQ12.csv as conditions, 17 conditions, 1 params"
13734,955.5181,EXP ,"Created sequence: sequential, trialTypes=17, nReps=1, seed=None"
13735,955.5184,EXP ,"New trial (rep=0, index=0): {'questionone': u'Refugees are different from most people'}"
13736,955.5457,EXP ,RatingScale ref_att_scale1: reset()
13743,955.572,EXP ,pers_quest_inst: autoDraw = False
13744,955.572,EXP ,ref_att_quest1: text = u'Refugees are different from most people'
13745,955.572,EXP ,ref_att_inst1: autoDraw = True
13746,955.572,EXP ,ref_att_quest1: autoDraw = True
13747,955.572,EXP ,ref_att_scale1: autoDraw = True
18134,967.7438,DATA ,Keypress: 2
19677,972.658,DATA ,Keypress: return
19683,972.6611,DATA ,RatingScale ref_att_scale1: (key response) rating=2
19684,972.6611,DATA ,RatingScale ref_att_scale1: rating RT=17.115
19685,972.6611,DATA ,"RatingScale ref_att_scale1: history=[(None, 0.0), (2, 12.199), (2, 17.115)]"
19687,972.675,EXP ,"New trial (rep=0, index=1): {'questionone': u'Only a few refugees are really dangerous'}"
19688,972.7137,EXP ,RatingScale ref_att_scale1: reset()
19695,972.7213,EXP ,ref_att_inst1: autoDraw = False
19696,972.7213,EXP ,ref_att_quest1: autoDraw = False
19697,972.7213,EXP ,ref_att_scale1: autoDraw = False
19698,972.7213,EXP ,ref_att_quest1: text = u'Only a few refugees are really dangerous'
19699,972.7213,EXP ,ref_att_inst1: autoDraw = True
19700,972.7213,EXP ,ref_att_quest1: autoDraw = True
19701,972.7213,EXP ,ref_att_scale1: autoDraw = True
23025,981.9385,DATA ,Keypress: 5
23333,982.8036,DATA ,Keypress: return
23339,982.8055,DATA ,RatingScale ref_att_scale1: (key response) rating=5
23340,982.8055,DATA ,RatingScale ref_att_scale1: rating RT=10.091
23341,982.8055,DATA ,"RatingScale ref_att_scale1: history=[(None, 0.0), (5, 9.224), (5, 10.091)]"
23343,982.8204,EXP ,"New trial (rep=0, index=2): {'questionone': u'Refugees will never change'}"
23344,982.8511,EXP ,RatingScale ref_att_scale1: reset()
23351,982.8588,EXP ,ref_att_inst1: autoDraw = False
23352,982.8588,EXP ,ref_att_quest1: autoDraw = False
23353,982.8588,EXP ,ref_att_scale1: autoDraw = False
23354,982.8588,EXP ,ref_att_quest1: text = u'Refugees will never change'
23355,982.8588,EXP ,ref_att_inst1: autoDraw = True
23356,982.8588,EXP ,ref_att_quest1: autoDraw = True
23357,982.8588,EXP ,ref_att_scale1: autoDraw = True
24683,987.1859,DATA ,Keypress: 2
24889,987.7679,DATA ,Keypress: return
24895,987.7698,DATA ,RatingScale ref_att_scale1: (key response) rating=2
24896,987.7698,DATA ,RatingScale ref_att_scale1: rating RT=4.918
24897,987.7698,DATA ,"RatingScale ref_att_scale1: history=[(None, 0.0), (2, 4.334), (2, 4.918)]"
24899,987.7854,EXP ,"New trial (rep=0, index=3): {'questionone': u'Most refugees are victims of circumstances and deserve to be helped'}"
24900,987.8477,EXP ,RatingScale ref_att_scale1: reset()
24907,987.8554,EXP ,ref_att_inst1: autoDraw = False
24908,987.8554,EXP ,ref_att_quest1: autoDraw = False
24909,987.8554,EXP ,ref_att_scale1: autoDraw = False
24910,987.8554,EXP ,ref_att_quest1: text = u'Most refugees are victims of circumstances and deserve to be helped'
24911,987.8554,EXP ,ref_att_inst1: autoDraw = True
24912,987.8554,EXP ,ref_att_quest1: autoDraw = True
24913,987.8554,EXP ,ref_att_scale1: autoDraw = True
28442,997.7135,DATA ,Keypress: 3
29091,999.5126,DATA ,Keypress: 2
29890,1001.7284,DATA ,Keypress: 4
31631,1006.5449,DATA ,Keypress: 5
32742,1009.6412,DATA ,Keypress: 4
33295,1011.1738,DATA ,Keypress: return
33301,1011.1755,DATA ,RatingScale ref_att_scale1: (key response) rating=4
33302,1011.1756,DATA ,RatingScale ref_att_scale1: rating RT=23.327
33303,1011.1756,DATA ,"RatingScale ref_att_scale1: history=[(None, 0.0), (3, 9.866), (2, 11.666), (4, 13.882), (5, 18.713), (4, 21.795), (4, 23.327)]"
33305,1011.1908,EXP ,"New trial (rep=0, index=4): {'questionone': u'It is not wise to trust a refugee too far'}"
33306,1011.226,EXP ,RatingScale ref_att_scale1: reset()
33313,1011.2336,EXP ,ref_att_inst1: autoDraw = False
33314,1011.2336,EXP ,ref_att_quest1: autoDraw = False
33315,1011.2336,EXP ,ref_att_scale1: autoDraw = False
33316,1011.2336,EXP ,ref_att_quest1: text = u'It is not wise to trust a refugee too far'
33317,1011.2336,EXP ,ref_att_inst1: autoDraw = True
33318,1011.2336,EXP ,ref_att_quest1: autoDraw = True
33319,1011.2336,EXP ,ref_att_scale1: autoDraw = True
36434,1019.8866,DATA ,Keypress: 2
36807,1020.9195,DATA ,Keypress: return
36813,1020.9214,DATA ,RatingScale ref_att_scale1: (key response) rating=2
36814,1020.9214,DATA ,RatingScale ref_att_scale1: rating RT=9.695
36815,1020.9215,DATA ,"RatingScale ref_att_scale1: history=[(None, 0.0), (2, 8.661), (2, 9.695)]"
36817,1020.9365,EXP ,"New trial (rep=0, index=5): {'questionone': u'I think I will like many refugees'}"
36818,1020.9721,EXP ,RatingScale ref_att_scale1: reset()
36825,1020.9796,EXP ,ref_att_inst1: autoDraw = False
36826,1020.9796,EXP ,ref_att_quest1: autoDraw = False
36827,1020.9796,EXP ,ref_att_scale1: autoDraw = False
36828,1020.9796,EXP ,ref_att_quest1: text = u'I think I will like many refugees'
36829,1020.9796,EXP ,ref_att_inst1: autoDraw = True
36830,1020.9796,EXP ,ref_att_quest1: autoDraw = True
36831,1020.9796,EXP ,ref_att_scale1: autoDraw = True
38511,1025.6358,DATA ,Keypress: 3
38645,1026.0171,DATA ,Keypress: return
38651,1026.0189,DATA ,RatingScale ref_att_scale1: (key response) rating=3
38652,1026.0189,DATA ,RatingScale ref_att_scale1: rating RT=5.046
38653,1026.0189,DATA ,"RatingScale ref_att_scale1: history=[(None, 0.0), (3, 4.663), (3, 5.046)]"
38655,1026.0341,EXP ,"New trial (rep=0, index=6): {'questionone': u'Challenging living conditions and traumatic events in their countries just made the refugees bitter'}"
38656,1026.1146,EXP ,RatingScale ref_att_scale1: reset()
38663,1026.1221,EXP ,ref_att_inst1: autoDraw = False
38664,1026.1221,EXP ,ref_att_quest1: autoDraw = False
38665,1026.1221,EXP ,ref_att_scale1: autoDraw = False
38666,1026.1221,EXP ,ref_att_quest1: text = u'Challenging living conditions and traumatic events in their countries just made the refugees bitter'
38667,1026.1221,EXP ,ref_att_inst1: autoDraw = True
38668,1026.1221,EXP ,ref_att_quest1: autoDraw = True
38669,1026.1221,EXP ,ref_att_scale1: autoDraw = True
42696,1037.6619,DATA ,Keypress: 3
42847,1038.0783,DATA ,Keypress: return
42853,1038.0805,DATA ,RatingScale ref_att_scale1: (key response) rating=3
42854,1038.0806,DATA ,RatingScale ref_att_scale1: rating RT=11.965
42855,1038.0806,DATA ,"RatingScale ref_att_scale1: history=[(None, 0.0), (3, 11.548), (3, 11.965)]"
42857,1038.0954,EXP ,"New trial (rep=0, index=7): {'questionone': u'Give a refugee an inch and they will take a mile'}"
42858,1038.142,EXP ,RatingScale ref_att_scale1: reset()
42865,1038.1497,EXP ,ref_att_inst1: autoDraw = False
42866,1038.1497,EXP ,ref_att_quest1: autoDraw = False
42867,1038.1497,EXP ,ref_att_scale1: autoDraw = False
42868,1038.1497,EXP ,ref_att_quest1: text = u'Give a refugee an inch and they will take a mile'
42869,1038.1497,EXP ,ref_att_inst1: autoDraw = True
42870,1038.1497,EXP ,ref_att_quest1: autoDraw = True
42871,1038.1497,EXP ,ref_att_scale1: autoDraw = True
44414,1042.4265,DATA ,Keypress: 2
45837,1046.3746,DATA ,Keypress: return
45843,1046.3764,DATA ,RatingScale ref_att_scale1: (key response) rating=2
45844,1046.3765,DATA ,RatingScale ref_att_scale1: rating RT=8.234
45845,1046.3765,DATA ,"RatingScale ref_att_scale1: history=[(None, 0.0), (2, 4.285), (2, 8.234)]"
45847,1046.3915,EXP ,"New trial (rep=0, index=8): {'questionone': u'Refugees need affection and praise just like anybody else'}"
45848,1046.439,EXP ,RatingScale ref_att_scale1: reset()
45855,1046.4466,EXP ,ref_att_inst1: autoDraw = False
45856,1046.4466,EXP ,ref_att_quest1: autoDraw = False
45857,1046.4466,EXP ,ref_att_scale1: autoDraw = False
45858,1046.4466,EXP ,ref_att_quest1: text = u'Refugees need affection and praise just like anybody else'
45859,1046.4466,EXP ,ref_att_inst1: autoDraw = True
45860,1046.4466,EXP ,ref_att_quest1: autoDraw = True
45861,1046.4466,EXP ,ref_att_scale1: autoDraw = True
47452,1050.8559,DATA ,Keypress: 4
47591,1051.239,DATA ,Keypress: return
47597,1051.2409,DATA ,RatingScale ref_att_scale1: (key response) rating=4
47598,1051.2409,DATA ,RatingScale ref_att_scale1: rating RT=4.801
47599,1051.241,DATA ,"RatingScale ref_att_scale1: history=[(None, 0.0), (4, 4.418), (4, 4.801)]"
47601,1051.2571,EXP ,"New trial (rep=0, index=9): {'questionone': u'You should not expect too much from a refugee'}"
47602,1051.304,EXP ,RatingScale ref_att_scale1: reset()
47609,1051.3115,EXP ,ref_att_inst1: autoDraw = False
47610,1051.3115,EXP ,ref_att_quest1: autoDraw = False
47611,1051.3115,EXP ,ref_att_scale1: autoDraw = False
47612,1051.3115,EXP ,ref_att_quest1: text = u'You should not expect too much from a refugee'
47613,1051.3115,EXP ,ref_att_inst1: autoDraw = True
47614,1051.3115,EXP ,ref_att_quest1: autoDraw = True
47615,1051.3115,EXP ,ref_att_scale1: autoDraw = True
51282,1061.4846,DATA ,Keypress: 2
53953,1068.8977,DATA ,Keypress: return
53959,1068.8994,DATA ,RatingScale ref_att_scale1: (key response) rating=2
53960,1068.8995,DATA ,RatingScale ref_att_scale1: rating RT=17.595
53961,1068.8995,DATA ,"RatingScale ref_att_scale1: history=[(None, 0.0), (2, 10.182), (2, 17.595)]"
53963,1068.9147,EXP ,"New trial (rep=0, index=10): {'questionone': u'Trying to integrate refugees is a waste of time and money'}"
53964,1068.9595,EXP ,RatingScale ref_att_scale1: reset()
53971,1068.9684,EXP ,ref_att_inst1: autoDraw = False
53972,1068.9684,EXP ,ref_att_quest1: autoDraw = False
53973,1068.9684,EXP ,ref_att_scale1: autoDraw = False
53974,1068.9684,EXP ,ref_att_quest1: text = u'Trying to integrate refugees is a waste of time and money'
53975,1068.9684,EXP ,ref_att_inst1: autoDraw = True
53976,1068.9684,EXP ,ref_att_quest1: autoDraw = True
53977,1068.9684,EXP ,ref_att_scale1: autoDraw = True
55412,1072.9458,DATA ,Keypress: 2
55569,1073.379,DATA ,Keypress: return
55575,1073.3808,DATA ,RatingScale ref_att_scale1: (key response) rating=2
55576,1073.3809,DATA ,RatingScale ref_att_scale1: rating RT=4.421
55577,1073.3809,DATA ,"RatingScale ref_att_scale1: history=[(None, 0.0), (2, 3.987), (2, 4.421)]"
55579,1073.3959,EXP ,"New trial (rep=0, index=11): {'questionone': u'You never know when a refugee is telling the truth'}"
55580,1073.4373,EXP ,RatingScale ref_att_scale1: reset()
55587,1073.4449,EXP ,ref_att_inst1: autoDraw = False
55588,1073.4449,EXP ,ref_att_quest1: autoDraw = False
55589,1073.4449,EXP ,ref_att_scale1: autoDraw = False
55590,1073.4449,EXP ,ref_att_quest1: text = u'You never know when a refugee is telling the truth'
55591,1073.4449,EXP ,ref_att_inst1: autoDraw = True
55592,1073.4449,EXP ,ref_att_quest1: autoDraw = True
55593,1073.4449,EXP ,ref_att_scale1: autoDraw = True
57322,1078.2435,DATA ,Keypress: 3
57683,1079.2432,DATA ,Keypress: return
57689,1079.2451,DATA ,RatingScale ref_att_scale1: (key response) rating=3
57690,1079.2452,DATA ,RatingScale ref_att_scale1: rating RT=5.807
57691,1079.2452,DATA ,"RatingScale ref_att_scale1: history=[(None, 0.0), (3, 4.807), (3, 5.807)]"
57693,1079.2605,EXP ,"New trial (rep=0, index=12): {'questionone': u'Refugees are no better or worse than other people'}"
57694,1079.3016,EXP ,RatingScale ref_att_scale1: reset()
57701,1079.3093,EXP ,ref_att_inst1: autoDraw = False
57702,1079.3093,EXP ,ref_att_quest1: autoDraw = False
57703,1079.3093,EXP ,ref_att_scale1: autoDraw = False
57704,1079.3093,EXP ,ref_att_quest1: text = u'Refugees are no better or worse than other people'
57705,1079.3093,EXP ,ref_att_inst1: autoDraw = True
57706,1079.3093,EXP ,ref_att_quest1: autoDraw = True
57707,1079.3093,EXP ,ref_att_scale1: autoDraw = True
59682,1084.7905,DATA ,Keypress: 4
59790,1085.0755,DATA ,Keypress: return
59791,1085.0756,DATA ,RatingScale ref_att_scale1: (key response) rating=4
59792,1085.0757,DATA ,RatingScale ref_att_scale1: rating RT=5.773
59793,1085.0757,DATA ,"RatingScale ref_att_scale1: history=[(None, 0.0), (4, 5.49), (4, 5.773)]"
59795,1085.0907,EXP ,"New trial (rep=0, index=13): {'questionone': u'You have to be constantly on your guard with refugees'}"
59796,1085.1361,EXP ,RatingScale ref_att_scale1: reset()
59803,1085.1434,EXP ,ref_att_inst1: autoDraw = False
59804,1085.1434,EXP ,ref_att_quest1: autoDraw = False
59805,1085.1434,EXP ,ref_att_scale1: autoDraw = False
59806,1085.1434,EXP ,ref_att_quest1: text = u'You have to be constantly on your guard with refugees'
59807,1085.1434,EXP ,ref_att_inst1: autoDraw = True
59808,1085.1434,EXP ,ref_att_quest1: autoDraw = True
59809,1085.1434,EXP ,ref_att_scale1: autoDraw = True
62120,1091.5541,DATA ,Keypress: 2
62235,1091.8707,DATA ,Keypress: return
62241,1091.8725,DATA ,RatingScale ref_att_scale1: (key response) rating=2
62242,1091.8725,DATA ,RatingScale ref_att_scale1: rating RT=6.736
62243,1091.8726,DATA ,"RatingScale ref_att_scale1: history=[(None, 0.0), (2, 6.419), (2, 6.736)]"
62245,1091.8877,EXP ,"New trial (rep=0, index=14): {'questionone': u'In general refugees think and act alike'}"
62246,1091.9228,EXP ,RatingScale ref_att_scale1: reset()
62253,1091.9304,EXP ,ref_att_inst1: autoDraw = False
62254,1091.9304,EXP ,ref_att_quest1: autoDraw = False
62255,1091.9304,EXP ,ref_att_scale1: autoDraw = False
62256,1091.9304,EXP ,ref_att_quest1: text = u'In general refugees think and act alike'
62257,1091.9304,EXP ,ref_att_inst1: autoDraw = True
62258,1091.9304,EXP ,ref_att_quest1: autoDraw = True
62259,1091.9304,EXP ,ref_att_scale1: autoDraw = True
64966,1099.4507,DATA ,Keypress: 2
66107,1102.6158,DATA ,Keypress: 3
66330,1103.2322,DATA ,Keypress: return
66336,1103.2339,DATA ,RatingScale ref_att_scale1: (key response) rating=3
66337,1103.2339,DATA ,RatingScale ref_att_scale1: rating RT=11.311
66338,1103.234,DATA ,"RatingScale ref_att_scale1: history=[(None, 0.0), (2, 7.529), (3, 10.694), (3, 11.311)]"
66340,1103.249,EXP ,"New trial (rep=0, index=15): {'questionone': u'If you give a refugee your respect they will give you the same'}"
66341,1103.3001,EXP ,RatingScale ref_att_scale1: reset()
66348,1103.3074,EXP ,ref_att_inst1: autoDraw = False
66349,1103.3074,EXP ,ref_att_quest1: autoDraw = False
66350,1103.3074,EXP ,ref_att_scale1: autoDraw = False
66351,1103.3074,EXP ,ref_att_quest1: text = u'If you give a refugee your respect they will give you the same'
66352,1103.3074,EXP ,ref_att_inst1: autoDraw = True
66353,1103.3074,EXP ,ref_att_quest1: autoDraw = True
66354,1103.3074,EXP ,ref_att_scale1: autoDraw = True
68641,1109.6626,DATA ,Keypress: 4
68798,1110.0959,DATA ,Keypress: return
68804,1110.0977,DATA ,RatingScale ref_att_scale1: (key response) rating=4
68805,1110.0978,DATA ,RatingScale ref_att_scale1: rating RT=6.797
68806,1110.0978,DATA ,"RatingScale ref_att_scale1: history=[(None, 0.0), (4, 6.363), (4, 6.797)]"
68808,1110.1129,EXP ,"New trial (rep=0, index=16): {'questionone': u'Refugees have feelings like the rest of us'}"
68809,1110.1507,EXP ,RatingScale ref_att_scale1: reset()
68816,1110.1581,EXP ,ref_att_inst1: autoDraw = False
68817,1110.1581,EXP ,ref_att_quest1: autoDraw = False
68818,1110.1581,EXP ,ref_att_scale1: autoDraw = False
68819,1110.1581,EXP ,ref_att_quest1: text = u'Refugees have feelings like the rest of us'
68820,1110.1581,EXP ,ref_att_inst1: autoDraw = True
68821,1110.1581,EXP ,ref_att_quest1: autoDraw = True
68822,1110.1581,EXP ,ref_att_scale1: autoDraw = True
69771,1112.7944,DATA ,Keypress: 5
69910,1113.1778,DATA ,Keypress: return
69916,1113.1797,DATA ,RatingScale ref_att_scale1: (key response) rating=5
69917,1113.1797,DATA ,RatingScale ref_att_scale1: rating RT=3.028
69918,1113.1797,DATA ,"RatingScale ref_att_scale1: history=[(None, 0.0), (5, 2.644), (5, 3.028)]"
69920,1113.196,EXP ,"Imported PIQ22.csv as conditions, 12 conditions, 1 params"
69921,1113.1963,EXP ,"Created sequence: sequential, trialTypes=12, nReps=1, seed=None"
69922,1113.1965,EXP ,"New trial (rep=0, index=0): {'QSTTWO': u'Refugees only think about themselves'}"
69923,1113.223,EXP ,RatingScale ref_att_scale2: reset()
69930,1113.2402,EXP ,ref_att_inst1: autoDraw = False
69931,1113.2402,EXP ,ref_att_quest1: autoDraw = False
69932,1113.2402,EXP ,ref_att_scale1: autoDraw = False
69933,1113.2402,EXP ,ref_att_quest2: text = u'Refugees only think about themselves'
69934,1113.2402,EXP ,ref_att_inst2: autoDraw = True
69935,1113.2402,EXP ,ref_att_quest2: autoDraw = True
69936,1113.2402,EXP ,ref_att_scale2: autoDraw = True
71269,1117.0257,DATA ,Keypress: 3
71384,1117.3426,DATA ,Keypress: return
71390,1117.3444,DATA ,RatingScale ref_att_scale2: (key response) rating=3
71391,1117.3445,DATA ,RatingScale ref_att_scale2: rating RT=4.121
71392,1117.3445,DATA ,"RatingScale ref_att_scale2: history=[(None, 0.0), (3, 3.803), (3, 4.121)]"
71394,1117.3599,EXP ,"New trial (rep=0, index=1): {'QSTTWO': u'Most refugees are too lazy to earn an honest living'}"
71395,1117.407,EXP ,RatingScale ref_att_scale2: reset()
71402,1117.4143,EXP ,ref_att_inst2: autoDraw = False
71403,1117.4143,EXP ,ref_att_quest2: autoDraw = False
71404,1117.4143,EXP ,ref_att_scale2: autoDraw = False
71405,1117.4143,EXP ,ref_att_quest2: text = u'Most refugees are too lazy to earn an honest living'
71406,1117.4143,EXP ,ref_att_inst2: autoDraw = True
71407,1117.4143,EXP ,ref_att_quest2: autoDraw = True
71408,1117.4143,EXP ,ref_att_scale2: autoDraw = True
72591,1120.6907,DATA ,Keypress: 3
73546,1123.3397,DATA ,Keypress: 2
73709,1123.7896,DATA ,Keypress: return
73715,1123.7913,DATA ,RatingScale ref_att_scale2: (key response) rating=2
73716,1123.7913,DATA ,RatingScale ref_att_scale2: rating RT=6.384
73717,1123.7913,DATA ,"RatingScale ref_att_scale2: history=[(None, 0.0), (3, 3.284), (2, 5.934), (2, 6.384)]"
73719,1123.8065,EXP ,"New trial (rep=0, index=2): {'QSTTWO': u'I would not mind living next-door to a refugee'}"
73720,1123.8502,EXP ,RatingScale ref_att_scale2: reset()
73727,1123.8575,EXP ,ref_att_inst2: autoDraw = False
73728,1123.8575,EXP ,ref_att_quest2: autoDraw = False
73729,1123.8575,EXP ,ref_att_scale2: autoDraw = False
73730,1123.8575,EXP ,ref_att_quest2: text = u'I would not mind living next-door to a refugee'
73731,1123.8575,EXP ,ref_att_inst2: autoDraw = True
73732,1123.8575,EXP ,ref_att_quest2: autoDraw = True
73733,1123.8575,EXP ,ref_att_scale2: autoDraw = True
75258,1128.0873,DATA ,Keypress: 4
75787,1129.5534,DATA ,Keypress: return
75793,1129.5551,DATA ,RatingScale ref_att_scale2: (key response) rating=4
75794,1129.5551,DATA ,RatingScale ref_att_scale2: rating RT=5.704
75795,1129.5551,DATA ,"RatingScale ref_att_scale2: history=[(None, 0.0), (4, 4.238), (4, 5.704)]"
75797,1129.5703,EXP ,"New trial (rep=0, index=3): {'QSTTWO': u'Refugees are just plain mean at heart'}"
75798,1129.6047,EXP ,RatingScale ref_att_scale2: reset()
75805,1129.6143,EXP ,ref_att_inst2: autoDraw = False
75806,1129.6143,EXP ,ref_att_quest2: autoDraw = False
75807,1129.6143,EXP ,ref_att_scale2: autoDraw = False
75808,1129.6143,EXP ,ref_att_quest2: text = u'Refugees are just plain mean at heart'
75809,1129.6143,EXP ,ref_att_inst2: autoDraw = True
75810,1129.6143,EXP ,ref_att_quest2: autoDraw = True
75811,1129.6143,EXP ,ref_att_scale2: autoDraw = True
77822,1135.201,DATA ,Keypress: 2
77943,1135.5342,DATA ,Keypress: return
77949,1135.5361,DATA ,RatingScale ref_att_scale2: (key response) rating=2
77950,1135.5361,DATA ,RatingScale ref_att_scale2: rating RT=5.931
77951,1135.5362,DATA ,"RatingScale ref_att_scale2: history=[(None, 0.0), (2, 5.597), (2, 5.931)]"
77953,1135.5513,EXP ,"New trial (rep=0, index=4): {'QSTTWO': u'Refugees are always trying to get something out of somebody'}"
77954,1135.5988,EXP ,RatingScale ref_att_scale2: reset()
77961,1135.606,EXP ,ref_att_inst2: autoDraw = False
77962,1135.606,EXP ,ref_att_quest2: autoDraw = False
77963,1135.606,EXP ,ref_att_scale2: autoDraw = False
77964,1135.606,EXP ,ref_att_quest2: text = u'Refugees are always trying to get something out of somebody'
77965,1135.606,EXP ,ref_att_inst2: autoDraw = True
77966,1135.606,EXP ,ref_att_quest2: autoDraw = True
77967,1135.606,EXP ,ref_att_scale2: autoDraw = True
79390,1139.549,DATA ,Keypress: 2
79583,1140.0819,DATA ,Keypress: return
79589,1140.0836,DATA ,RatingScale ref_att_scale2: (key response) rating=2
79590,1140.0836,DATA ,RatingScale ref_att_scale2: rating RT=4.484
79591,1140.0836,DATA ,"RatingScale ref_att_scale2: history=[(None, 0.0), (2, 3.951), (2, 4.484)]"
79593,1140.0989,EXP ,"New trial (rep=0, index=5): {'QSTTWO': u'I would never want one of my children dating a refugee'}"
79594,1140.1467,EXP ,RatingScale ref_att_scale2: reset()
79601,1140.1544,EXP ,ref_att_inst2: autoDraw = False
79602,1140.1544,EXP ,ref_att_quest2: autoDraw = False
79603,1140.1544,EXP ,ref_att_scale2: autoDraw = False
79604,1140.1544,EXP ,ref_att_quest2: text = u'I would never want one of my children dating a refugee'
79605,1140.1544,EXP ,ref_att_inst2: autoDraw = True
79606,1140.1544,EXP ,ref_att_quest2: autoDraw = True
79607,1140.1544,EXP ,ref_att_scale2: autoDraw = True
81432,1145.2136,DATA ,Keypress: 2
81565,1145.5797,DATA ,Keypress: return
81571,1145.5816,DATA ,RatingScale ref_att_scale2: (key response) rating=2
81572,1145.5816,DATA ,RatingScale ref_att_scale2: rating RT=5.434
81573,1145.5817,DATA ,"RatingScale ref_att_scale2: history=[(None, 0.0), (2, 5.069), (2, 5.434)]"
81575,1145.5964,EXP ,"New trial (rep=0, index=6): {'QSTTWO': u'Most refugees have the capacity for love'}"
81576,1145.6356,EXP ,RatingScale ref_att_scale2: reset()
81583,1145.643,EXP ,ref_att_inst2: autoDraw = False
81584,1145.643,EXP ,ref_att_quest2: autoDraw = False
81585,1145.643,EXP ,ref_att_scale2: autoDraw = False
81586,1145.643,EXP ,ref_att_quest2: text = u'Most refugees have the capacity for love'
81587,1145.643,EXP ,ref_att_inst2: autoDraw = True
81588,1145.643,EXP ,ref_att_quest2: autoDraw = True
81589,1145.643,EXP ,ref_att_scale2: autoDraw = True
82964,1149.461,DATA ,Keypress: 4
83127,1149.9109,DATA ,Keypress: return
83133,1149.9129,DATA ,RatingScale ref_att_scale2: (key response) rating=4
83134,1149.9129,DATA ,RatingScale ref_att_scale2: rating RT=4.277
83135,1149.913,DATA ,"RatingScale ref_att_scale2: history=[(None, 0.0), (4, 3.826), (4, 4.277)]"
83137,1149.928,EXP ,"New trial (rep=0, index=7): {'QSTTWO': u'Refugees are just plain immoral'}"
83138,1149.9588,EXP ,RatingScale ref_att_scale2: reset()
83145,1149.9666,EXP ,ref_att_inst2: autoDraw = False
83146,1149.9666,EXP ,ref_att_quest2: autoDraw = False
83147,1149.9666,EXP ,ref_att_scale2: autoDraw = False
83148,1149.9666,EXP ,ref_att_quest2: text = u'Refugees are just plain immoral'
83149,1149.9666,EXP ,ref_att_inst2: autoDraw = True
83150,1149.9666,EXP ,ref_att_quest2: autoDraw = True
83151,1149.9666,EXP ,ref_att_scale2: autoDraw = True
85198,1155.6416,DATA ,Keypress: 2
85349,1156.0437,DATA ,Keypress: return
85355,1156.0598,DATA ,RatingScale ref_att_scale2: (key response) rating=2
85356,1156.0599,DATA ,RatingScale ref_att_scale2: rating RT=6.101
85357,1156.0599,DATA ,"RatingScale ref_att_scale2: history=[(None, 0.0), (2, 5.684), (2, 6.101)]"
85359,1156.0753,EXP ,"New trial (rep=0, index=8): {'QSTTWO': u'Refugees should be under strict close observation'}"
85360,1156.1207,EXP ,RatingScale ref_att_scale2: reset()
85367,1156.1281,EXP ,ref_att_inst2: autoDraw = False
85368,1156.1281,EXP ,ref_att_quest2: autoDraw = False
85369,1156.1281,EXP ,ref_att_scale2: autoDraw = False
85370,1156.1281,EXP ,ref_att_quest2: text = u'Refugees should be under strict close observation'
85371,1156.1281,EXP ,ref_att_inst2: autoDraw = True
85372,1156.1281,EXP ,ref_att_quest2: autoDraw = True
85373,1156.1281,EXP ,ref_att_scale2: autoDraw = True
87924,1163.205,DATA ,Keypress: 3
88867,1165.8205,DATA ,Keypress: return
88873,1165.8222,DATA ,RatingScale ref_att_scale2: (key response) rating=3
88874,1165.8222,DATA ,RatingScale ref_att_scale2: rating RT=9.701
88875,1165.8222,DATA ,"RatingScale ref_att_scale2: history=[(None, 0.0), (3, 7.085), (3, 9.701)]"
88877,1165.8385,EXP ,"New trial (rep=0, index=9): {'QSTTWO': u'In general refugees are basically bad people'}"
88878,1165.8795,EXP ,RatingScale ref_att_scale2: reset()
88885,1165.8877,EXP ,ref_att_inst2: autoDraw = False
88886,1165.8877,EXP ,ref_att_quest2: autoDraw = False
88887,1165.8877,EXP ,ref_att_scale2: autoDraw = False
88888,1165.8877,EXP ,ref_att_quest2: text = u'In general refugees are basically bad people'
88889,1165.8877,EXP ,ref_att_inst2: autoDraw = True
88890,1165.8877,EXP ,ref_att_quest2: autoDraw = True
88891,1165.8877,EXP ,ref_att_scale2: autoDraw = True
90926,1171.5345,DATA ,Keypress: 1
91178,1172.2195,DATA ,Keypress: return
91179,1172.2196,DATA ,RatingScale ref_att_scale2: (key response) rating=1
91180,1172.2196,DATA ,RatingScale ref_att_scale2: rating RT=6.339
91181,1172.2197,DATA ,"RatingScale ref_att_scale2: history=[(None, 0.0), (1, 5.655), (1, 6.339)]"
91183,1172.2348,EXP ,"New trial (rep=0, index=10): {'QSTTWO': u'Most refugees can be integrated in new societies'}"
91184,1172.2771,EXP ,RatingScale ref_att_scale2: reset()
91191,1172.2847,EXP ,ref_att_inst2: autoDraw = False
91192,1172.2847,EXP ,ref_att_quest2: autoDraw = False
91193,1172.2847,EXP ,ref_att_scale2: autoDraw = False
91194,1172.2847,EXP ,ref_att_quest2: text = u'Most refugees can be integrated in new societies'
91195,1172.2847,EXP ,ref_att_inst2: autoDraw = True
91196,1172.2847,EXP ,ref_att_quest2: autoDraw = True
91197,1172.2847,EXP ,ref_att_scale2: autoDraw = True
92368,1175.5327,DATA ,Keypress: 4
92549,1176.0326,DATA ,Keypress: return
92555,1176.0343,DATA ,RatingScale ref_att_scale2: (key response) rating=4
92556,1176.0343,DATA ,RatingScale ref_att_scale2: rating RT=3.757
92557,1176.0343,DATA ,"RatingScale ref_att_scale2: history=[(None, 0.0), (4, 3.256), (4, 3.757)]"
92559,1176.0496,EXP ,"New trial (rep=0, index=11): {'QSTTWO': u'I would like to associate myself with some refugees'}"
92560,1176.098,EXP ,RatingScale ref_att_scale2: reset()
92567,1176.1053,EXP ,ref_att_inst2: autoDraw = False
92568,1176.1053,EXP ,ref_att_quest2: autoDraw = False
92569,1176.1053,EXP ,ref_att_scale2: autoDraw = False
92570,1176.1053,EXP ,ref_att_quest2: text = u'I would like to associate myself with some refugees'
92571,1176.1053,EXP ,ref_att_inst2: autoDraw = True
92572,1176.1053,EXP ,ref_att_quest2: autoDraw = True
92573,1176.1053,EXP ,ref_att_scale2: autoDraw = True
93702,1179.231,DATA ,Keypress: 2
93972,1179.966,DATA ,Keypress: 3
95510,1184.2453,DATA ,Keypress: return
95516,1184.2471,DATA ,RatingScale ref_att_scale2: (key response) rating=3
95517,1184.2471,DATA ,RatingScale ref_att_scale2: rating RT=8.149
95518,1184.2471,DATA ,"RatingScale ref_att_scale2: history=[(None, 0.0), (2, 3.134), (3, 3.868), (3, 8.149)]"
95520,1184.2636,EXP ,"Imported PIQ32.csv as conditions, 4 conditions, 1 params"
95521,1184.2638,EXP ,"Created sequence: sequential, trialTypes=4, nReps=1, seed=None"
95522,1184.264,EXP ,"New trial (rep=0, index=0): {'QSTTHREE': u'1 Education (language courses/job training/university etc)\t'}"
95523,1184.3147,EXP ,RatingScale ref_int_scale1: reset()
95530,1184.3364,EXP ,ref_att_inst2: autoDraw = False
95531,1184.3364,EXP ,ref_att_quest2: autoDraw = False
95532,1184.3364,EXP ,ref_att_scale2: autoDraw = False
95533,1184.3364,EXP ,ref_int_quest1: text = u'1 Education (language courses/job training/university etc)\t'
95534,1184.3364,EXP ,ref_int_inst1: autoDraw = True
95535,1184.3364,EXP ,ref_int_quest1: autoDraw = True
95536,1184.3364,EXP ,ref_int_scale1: autoDraw = True
101213,1200.1054,DATA ,Keypress: 4
101376,1200.5546,DATA ,Keypress: return
101382,1200.5565,DATA ,RatingScale ref_int_scale1: (key response) rating=4
101383,1200.5565,DATA ,RatingScale ref_int_scale1: rating RT=16.241
101384,1200.5565,DATA ,"RatingScale ref_int_scale1: history=[(None, 0.0), (4, 15.792), (4, 16.241)]"
101386,1200.5732,EXP ,"New trial (rep=0, index=1): {'QSTTHREE': u'2 Medical Services (physical and mental health)'}"
101387,1200.622,EXP ,RatingScale ref_int_scale1: reset()
101394,1200.6298,EXP ,ref_int_inst1: autoDraw = False
101395,1200.6298,EXP ,ref_int_quest1: autoDraw = False
101396,1200.6298,EXP ,ref_int_scale1: autoDraw = False
101397,1200.6298,EXP ,ref_int_quest1: text = u'2 Medical Services (physical and mental health)'
101398,1200.6298,EXP ,ref_int_inst1: autoDraw = True
101399,1200.6298,EXP ,ref_int_quest1: autoDraw = True
101400,1200.6298,EXP ,ref_int_scale1: autoDraw = True
102271,1203.0534,DATA ,Keypress: 4
102427,1203.4719,DATA ,Keypress: return
102428,1203.4719,DATA ,RatingScale ref_int_scale1: (key response) rating=4
102429,1203.472,DATA ,RatingScale ref_int_scale1: rating RT=2.849
102430,1203.472,DATA ,"RatingScale ref_int_scale1: history=[(None, 0.0), (4, 2.432), (4, 2.849)]"
102432,1203.4868,EXP ,"New trial (rep=0, index=2): {'QSTTHREE': u'3 Housing'}"
102433,1203.5082,EXP ,RatingScale ref_int_scale1: reset()
102440,1203.5162,EXP ,ref_int_inst1: autoDraw = False
102441,1203.5162,EXP ,ref_int_quest1: autoDraw = False
102442,1203.5162,EXP ,ref_int_scale1: autoDraw = False
102443,1203.5162,EXP ,ref_int_quest1: text = u'3 Housing'
102444,1203.5162,EXP ,ref_int_inst1: autoDraw = True
102445,1203.5162,EXP ,ref_int_quest1: autoDraw = True
102446,1203.5162,EXP ,ref_int_scale1: autoDraw = True
103023,1205.119,DATA ,Keypress: 3
105058,1210.7668,DATA ,Keypress: 4
105611,1212.2993,DATA ,Keypress: 3
106080,1213.5987,DATA ,Keypress: return
106086,1213.6005,DATA ,RatingScale ref_int_scale1: (key response) rating=3
106087,1213.6005,DATA ,RatingScale ref_int_scale1: rating RT=10.092
106088,1213.6005,DATA ,"RatingScale ref_int_scale1: history=[(None, 0.0), (3, 1.611), (4, 7.26), (3, 8.792), (3, 10.092)]"
106090,1213.6159,EXP ,"New trial (rep=0, index=3): {'QSTTHREE': u'4 Social activities (eg Sports)'}"
106091,1213.6537,EXP ,RatingScale ref_int_scale1: reset()
106098,1213.6613,EXP ,ref_int_inst1: autoDraw = False
106099,1213.6613,EXP ,ref_int_quest1: autoDraw = False
106100,1213.6613,EXP ,ref_int_scale1: autoDraw = False
106101,1213.6613,EXP ,ref_int_quest1: text = u'4 Social activities (eg Sports)'
106102,1213.6613,EXP ,ref_int_inst1: autoDraw = True
106103,1213.6613,EXP ,ref_int_quest1: autoDraw = True
106104,1213.6613,EXP ,ref_int_scale1: autoDraw = True
107167,1216.614,DATA ,Keypress: 3
107294,1216.9639,DATA ,Keypress: return
107300,1216.9657,DATA ,RatingScale ref_int_scale1: (key response) rating=3
107301,1216.9657,DATA ,RatingScale ref_int_scale1: rating RT=3.312
107302,1216.9657,DATA ,"RatingScale ref_int_scale1: history=[(None, 0.0), (3, 2.961), (3, 3.311)]"
107304,1216.9821,EXP ,"Imported PIQ42.csv as conditions, 10 conditions, 1 params"
107305,1216.9823,EXP ,"Created sequence: sequential, trialTypes=10, nReps=1, seed=None"
107306,1216.9826,EXP ,"New trial (rep=0, index=0): {'QSTFOUR': u'I am willing to help in integration of a refugee'}"
107307,1217.0138,EXP ,RatingScale ref_int_scale2: reset()
107314,1217.0333,EXP ,ref_int_inst1: autoDraw = False
107315,1217.0333,EXP ,ref_int_quest1: autoDraw = False
107316,1217.0333,EXP ,ref_int_scale1: autoDraw = False
107317,1217.0333,EXP ,ref_int_quest2: text = u'I am willing to help in integration of a refugee'
107318,1217.0333,EXP ,ref_int_inst2: autoDraw = True
107319,1217.0333,EXP ,ref_int_quest2: autoDraw = True
107320,1217.0333,EXP ,ref_int_scale2: autoDraw = True
110153,1224.8937,DATA ,Keypress: 3
114864,1238.0709,DATA ,Keypress: return
114870,1238.0727,DATA ,RatingScale ref_int_scale2: (key response) rating=3
114871,1238.0728,DATA ,RatingScale ref_int_scale2: rating RT=21.058
114872,1238.0728,DATA ,"RatingScale ref_int_scale2: history=[(None, 0.0), (3, 7.88), (3, 21.058)]"
114874,1238.088,EXP ,"New trial (rep=0, index=1): {'QSTFOUR': u'I am willing to connect with a refugee'}"
114875,1238.126,EXP ,RatingScale ref_int_scale2: reset()
114882,1238.1334,EXP ,ref_int_inst2: autoDraw = False
114883,1238.1334,EXP ,ref_int_quest2: autoDraw = False
114884,1238.1334,EXP ,ref_int_scale2: autoDraw = False
114885,1238.1334,EXP ,ref_int_quest2: text = u'I am willing to connect with a refugee'
114886,1238.1334,EXP ,ref_int_inst2: autoDraw = True
114887,1238.1334,EXP ,ref_int_quest2: autoDraw = True
114888,1238.1334,EXP ,ref_int_scale2: autoDraw = True
115849,1240.803,DATA ,Keypress: 3
116774,1243.3686,DATA ,Keypress: return
116780,1243.3704,DATA ,RatingScale ref_int_scale2: (key response) rating=3
116781,1243.3704,DATA ,RatingScale ref_int_scale2: rating RT=5.244
116782,1243.3704,DATA ,"RatingScale ref_int_scale2: history=[(None, 0.0), (3, 2.678), (3, 5.244)]"
116784,1243.3856,EXP ,"New trial (rep=0, index=2): {'QSTFOUR': u'I am willing to live next door to a refugee camp'}"
116785,1243.4294,EXP ,RatingScale ref_int_scale2: reset()
116792,1243.4367,EXP ,ref_int_inst2: autoDraw = False
116793,1243.4367,EXP ,ref_int_quest2: autoDraw = False
116794,1243.4367,EXP ,ref_int_scale2: autoDraw = False
116795,1243.4367,EXP ,ref_int_quest2: text = u'I am willing to live next door to a refugee camp'
116796,1243.4367,EXP ,ref_int_inst2: autoDraw = True
116797,1243.4367,EXP ,ref_int_quest2: autoDraw = True
116798,1243.4367,EXP ,ref_int_scale2: autoDraw = True
120819,1254.5966,DATA ,Keypress: 3
121282,1255.8795,DATA ,Keypress: return
121288,1255.8813,DATA ,RatingScale ref_int_scale2: (key response) rating=3
121289,1255.8814,DATA ,RatingScale ref_int_scale2: rating RT=12.451
121290,1255.8814,DATA ,"RatingScale ref_int_scale2: history=[(None, 0.0), (3, 11.168), (3, 12.451)]"
121292,1255.8966,EXP ,"New trial (rep=0, index=3): {'QSTFOUR': u'I would be willing to rent a room to a refugee'}"
121293,1255.9386,EXP ,RatingScale ref_int_scale2: reset()
121300,1255.9464,EXP ,ref_int_inst2: autoDraw = False
121301,1255.9464,EXP ,ref_int_quest2: autoDraw = False
121302,1255.9464,EXP ,ref_int_scale2: autoDraw = False
121303,1255.9464,EXP ,ref_int_quest2: text = u'I would be willing to rent a room to a refugee'
121304,1255.9464,EXP ,ref_int_inst2: autoDraw = True
121305,1255.9464,EXP ,ref_int_quest2: autoDraw = True
121306,1255.9464,EXP ,ref_int_scale2: autoDraw = True
124109,1263.7259,DATA ,Keypress: 4
124542,1264.9254,DATA ,Keypress: return
124548,1264.927,DATA ,RatingScale ref_int_scale2: (key response) rating=4
124549,1264.9271,DATA ,RatingScale ref_int_scale2: rating RT=8.988
124550,1264.9271,DATA ,"RatingScale ref_int_scale2: history=[(None, 0.0), (4, 7.788), (4, 8.988)]"
124552,1264.9423,EXP ,"New trial (rep=0, index=4): {'QSTFOUR': u'I would allow my children to interact with a refugee child'}"
124553,1264.9896,EXP ,RatingScale ref_int_scale2: reset()
124560,1264.9968,EXP ,ref_int_inst2: autoDraw = False
124561,1264.9968,EXP ,ref_int_quest2: autoDraw = False
124562,1264.9968,EXP ,ref_int_scale2: autoDraw = False
124563,1264.9968,EXP ,ref_int_quest2: text = u'I would allow my children to interact with a refugee child'
124564,1264.9968,EXP ,ref_int_inst2: autoDraw = True
124565,1264.9968,EXP ,ref_int_quest2: autoDraw = True
124566,1264.9968,EXP ,ref_int_scale2: autoDraw = True
126013,1269.0068,DATA ,Keypress: 4
126134,1269.3254,DATA ,Keypress: return
126140,1269.3413,DATA ,RatingScale ref_int_scale2: (key response) rating=4
126141,1269.3414,DATA ,RatingScale ref_int_scale2: rating RT=4.351
126142,1269.3414,DATA ,"RatingScale ref_int_scale2: history=[(None, 0.0), (4, 4.018), (4, 4.351)]"
126144,1269.3572,EXP ,"New trial (rep=0, index=5): {'QSTFOUR': u'I am willing to marry a refugee'}"
126145,1269.3901,EXP ,RatingScale ref_int_scale2: reset()
126152,1269.3978,EXP ,ref_int_inst2: autoDraw = False
126153,1269.3978,EXP ,ref_int_quest2: autoDraw = False
126154,1269.3978,EXP ,ref_int_scale2: autoDraw = False
126155,1269.3978,EXP ,ref_int_quest2: text = u'I am willing to marry a refugee'
126156,1269.3978,EXP ,ref_int_inst2: autoDraw = True
126157,1269.3978,EXP ,ref_int_quest2: autoDraw = True
126158,1269.3978,EXP ,ref_int_scale2: autoDraw = True
127628,1273.4726,DATA ,Keypress: 3
128038,1274.6209,DATA ,Keypress: return
128044,1274.6226,DATA ,RatingScale ref_int_scale2: (key response) rating=3
128045,1274.6226,DATA ,RatingScale ref_int_scale2: rating RT=5.232
128046,1274.6226,DATA ,"RatingScale ref_int_scale2: history=[(None, 0.0), (3, 4.082), (3, 5.232)]"
128048,1274.6378,EXP ,"New trial (rep=0, index=6): {'QSTFOUR': u'A refugee who wants to integrate will succeed'}"
128049,1274.6798,EXP ,RatingScale ref_int_scale2: reset()
128056,1274.6874,EXP ,ref_int_inst2: autoDraw = False
128057,1274.6874,EXP ,ref_int_quest2: autoDraw = False
128058,1274.6874,EXP ,ref_int_scale2: autoDraw = False
128059,1274.6874,EXP ,ref_int_quest2: text = u'A refugee who wants to integrate will succeed'
128060,1274.6874,EXP ,ref_int_inst2: autoDraw = True
128061,1274.6874,EXP ,ref_int_quest2: autoDraw = True
128062,1274.6874,EXP ,ref_int_scale2: autoDraw = True
130607,1281.7515,DATA ,Keypress: 5
130740,1282.1174,DATA ,Keypress: return
130746,1282.1191,DATA ,RatingScale ref_int_scale2: (key response) rating=5
130747,1282.1192,DATA ,RatingScale ref_int_scale2: rating RT=7.439
130748,1282.1192,DATA ,"RatingScale ref_int_scale2: history=[(None, 0.0), (5, 7.073), (5, 7.438)]"
130750,1282.135,EXP ,"New trial (rep=0, index=7): {'QSTFOUR': u'Refugees who show motivation for integration should be helped and assisted'}"
130751,1282.1931,EXP ,RatingScale ref_int_scale2: reset()
130758,1282.2011,EXP ,ref_int_inst2: autoDraw = False
130759,1282.2011,EXP ,ref_int_quest2: autoDraw = False
130760,1282.2011,EXP ,ref_int_scale2: autoDraw = False
130761,1282.2011,EXP ,ref_int_quest2: text = u'Refugees who show motivation for integration should be helped and assisted'
130762,1282.2011,EXP ,ref_int_inst2: autoDraw = True
130763,1282.2011,EXP ,ref_int_quest2: autoDraw = True
130764,1282.2011,EXP ,ref_int_scale2: autoDraw = True
131851,1285.216,DATA ,Keypress: 5
131966,1285.5327,DATA ,Keypress: return
131972,1285.5344,DATA ,RatingScale ref_int_scale2: (key response) rating=5
131973,1285.5345,DATA ,RatingScale ref_int_scale2: rating RT=3.341
131974,1285.5345,DATA ,"RatingScale ref_int_scale2: history=[(None, 0.0), (5, 3.024), (5, 3.341)]"
131976,1285.5498,EXP ,"New trial (rep=0, index=8): {'QSTFOUR': u'Refugees are also victims'}"
131977,1285.5787,EXP ,RatingScale ref_int_scale2: reset()
131984,1285.5862,EXP ,ref_int_inst2: autoDraw = False
131985,1285.5862,EXP ,ref_int_quest2: autoDraw = False
131986,1285.5862,EXP ,ref_int_scale2: autoDraw = False
131987,1285.5862,EXP ,ref_int_quest2: text = u'Refugees are also victims'
131988,1285.5862,EXP ,ref_int_inst2: autoDraw = True
131989,1285.5862,EXP ,ref_int_quest2: autoDraw = True
131990,1285.5862,EXP ,ref_int_scale2: autoDraw = True
132789,1287.7984,DATA ,Keypress: 5
132928,1288.1815,DATA ,Keypress: return
132934,1288.1834,DATA ,RatingScale ref_int_scale2: (key response) rating=5
132935,1288.1834,DATA ,RatingScale ref_int_scale2: rating RT=2.604
132936,1288.1835,DATA ,"RatingScale ref_int_scale2: history=[(None, 0.0), (5, 2.221), (5, 2.604)]"
132938,1288.1983,EXP ,"New trial (rep=0, index=9): {'QSTFOUR': u'Refugees should be closely supervised'}"
132939,1288.2351,EXP ,RatingScale ref_int_scale2: reset()
132946,1288.2428,EXP ,ref_int_inst2: autoDraw = False
132947,1288.2428,EXP ,ref_int_quest2: autoDraw = False
132948,1288.2428,EXP ,ref_int_scale2: autoDraw = False
132949,1288.2428,EXP ,ref_int_quest2: text = u'Refugees should be closely supervised'
132950,1288.2428,EXP ,ref_int_inst2: autoDraw = True
132951,1288.2428,EXP ,ref_int_quest2: autoDraw = True
132952,1288.2428,EXP ,ref_int_scale2: autoDraw = True
134015,1291.1968,DATA ,Keypress: 3
134088,1291.8833,DATA ,Keypress: return
134094,1291.8872,DATA ,RatingScale ref_int_scale2: (key response) rating=3
134095,1291.8873,DATA ,RatingScale ref_int_scale2: rating RT=3.652
134096,1291.8873,DATA ,"RatingScale ref_int_scale2: history=[(None, 0.0), (3, 2.962), (3, 3.652)]"
134099,1292.4974,EXP ,ref_int_inst2: autoDraw = False
134100,1292.4974,EXP ,ref_int_quest2: autoDraw = False
134101,1292.4974,EXP ,ref_int_scale2: autoDraw = False
134102,1292.4974,EXP ,trust_rat_inst: autoDraw = True
135552,1316.6191,DATA ,Keypress: space
135554,1316.7726,EXP ,trust_rat_inst: autoDraw = False
135555,1316.7726,EXP ,av_mov: movie = u'C:\\Users\\default.DMXIA_SIMO83\\Desktop\\Booth\\experiment\\I_b1w2\\videos\\w2.mp4'
135556,1316.7726,EXP ,av_mov: autoLog = True
135557,1316.7726,EXP ,av_mov: autoDraw = True
135566,1617.1904,EXP ,Set av_mov finished
135567,1617.1911,EXP ,"New trial (rep=0, index=1): {'avatar': u'C:\\Users\\default.DMXIA_SIMO83\\Desktop\\Booth\\experiment\\I_b1w2\\videos\\b1.mp4', 'priming': u'C:\\Users\\default.DMXIA_SIMO83\\Desktop\\Booth\\experiment\\I_b1w2\\videos\\p1.mp4'}"
135569,1617.2115,EXP ,av_mov: autoDraw = False
135570,1617.2115,EXP ,ton_data_inst: autoDraw = True
135580,1617.366,EXP ,Set av_mov finished
142774,1737.2103,EXP ,ton_data_inst: autoDraw = False
142775,1745.9569,DATA ,Keypress: space
142777,1745.973,EXP ,ton_data_inst: autoDraw = False
142778,1745.973,EXP ,prim_inst: autoDraw = True
143131,1751.8374,DATA ,Keypress: space
143133,1751.9036,EXP ,prim_inst: autoDraw = False
143134,1751.9036,EXP ,prim_mov: movie = u'C:\\Users\\default.DMXIA_SIMO83\\Desktop\\Booth\\experiment\\I_b1w2\\videos\\p1.mp4'
143135,1751.9036,EXP ,prim_mov: autoLog = True
143136,1751.9036,EXP ,prim_mov: autoDraw = True
143138,2119.7666,EXP ,Set prim_mov finished
143140,2119.7864,EXP ,prim_mov: autoDraw = False
143141,2119.7864,EXP ,av_inst: autoDraw = True
143147,2119.8702,EXP ,Set prim_mov finished
143933,2132.9476,DATA ,Keypress: space
143935,2133.0884,EXP ,av_inst: autoDraw = False
143936,2133.0884,EXP ,av_mov: movie = u'C:\\Users\\default.DMXIA_SIMO83\\Desktop\\Booth\\experiment\\I_b1w2\\videos\\b1.mp4'
143937,2133.0884,EXP ,av_mov: autoLog = True
143938,2133.0884,EXP ,av_mov: autoDraw = True
143945,2433.3616,EXP ,Set av_mov finished
143947,2433.3772,EXP ,av_mov: autoDraw = False
143948,2433.3772,EXP ,dec_inst: autoDraw = True
143952,2433.4278,EXP ,Set av_mov finished
144067,2435.3269,DATA ,Keypress: y
144069,2435.3433,EXP ,dec_inst: autoDraw = False
144070,2435.3433,EXP ,pers_quest_inst: autoDraw = True
144654,2445.0557,DATA ,Keypress: space
144655,2445.0578,EXP ,"Imported PIQ12.csv as conditions, 17 conditions, 1 params"
144656,2445.0581,EXP ,"Created sequence: sequential, trialTypes=17, nReps=1, seed=None"
144657,2445.0584,EXP ,"New trial (rep=0, index=0): {'questionone': u'Refugees are different from most people'}"
144658,2445.0963,EXP ,RatingScale ref_att_scale1: reset()
144665,2445.1042,EXP ,pers_quest_inst: autoDraw = False
144666,2445.1042,EXP ,ref_att_quest1: text = u'Refugees are different from most people'
144667,2445.1042,EXP ,ref_att_inst1: autoDraw = True
144668,2445.1042,EXP ,ref_att_quest1: autoDraw = True
144669,2445.1042,EXP ,ref_att_scale1: autoDraw = True
146698,2450.7866,DATA ,Keypress: 2
147263,2452.3525,DATA ,Keypress: return
147269,2452.3545,DATA ,RatingScale ref_att_scale1: (key response) rating=2
147270,2452.3545,DATA ,RatingScale ref_att_scale1: rating RT=7.258
147271,2452.3545,DATA ,"RatingScale ref_att_scale1: history=[(None, 0.0), (2, 5.691), (2, 7.257)]"
147273,2452.3698,EXP ,"New trial (rep=0, index=1): {'questionone': u'Only a few refugees are really dangerous'}"
147274,2452.408,EXP ,RatingScale ref_att_scale1: reset()
147281,2452.4165,EXP ,ref_att_inst1: autoDraw = False
147282,2452.4165,EXP ,ref_att_quest1: autoDraw = False
147283,2452.4165,EXP ,ref_att_scale1: autoDraw = False
147284,2452.4165,EXP ,ref_att_quest1: text = u'Only a few refugees are really dangerous'
147285,2452.4165,EXP ,ref_att_inst1: autoDraw = True
147286,2452.4165,EXP ,ref_att_quest1: autoDraw = True
147287,2452.4165,EXP ,ref_att_scale1: autoDraw = True
148380,2455.4511,DATA ,Keypress: 5
148543,2455.9009,DATA ,Keypress: return
148549,2455.9026,DATA ,RatingScale ref_att_scale1: (key response) rating=5
148550,2455.9026,DATA ,RatingScale ref_att_scale1: rating RT=3.494
148551,2455.9027,DATA ,"RatingScale ref_att_scale1: history=[(None, 0.0), (5, 3.044), (5, 3.494)]"
148553,2455.9193,EXP ,"New trial (rep=0, index=2): {'questionone': u'Refugees will never change'}"
148554,2455.9513,EXP ,RatingScale ref_att_scale1: reset()
148561,2455.9589,EXP ,ref_att_inst1: autoDraw = False
148562,2455.9589,EXP ,ref_att_quest1: autoDraw = False
148563,2455.9589,EXP ,ref_att_scale1: autoDraw = False
148564,2455.9589,EXP ,ref_att_quest1: text = u'Refugees will never change'
148565,2455.9589,EXP ,ref_att_inst1: autoDraw = True
148566,2455.9589,EXP ,ref_att_quest1: autoDraw = True
148567,2455.9589,EXP ,ref_att_scale1: autoDraw = True
150326,2460.8487,DATA ,Keypress: 2
150639,2461.7151,DATA ,Keypress: return
150645,2461.717,DATA ,RatingScale ref_att_scale1: (key response) rating=2
150646,2461.717,DATA ,RatingScale ref_att_scale1: rating RT=5.765
150647,2461.7171,DATA ,"RatingScale ref_att_scale1: history=[(None, 0.0), (2, 4.898), (2, 5.765)]"
150649,2461.7321,EXP ,"New trial (rep=0, index=3): {'questionone': u'Most refugees are victims of circumstances and deserve to be helped'}"
150650,2461.7936,EXP ,RatingScale ref_att_scale1: reset()
150657,2461.801,EXP ,ref_att_inst1: autoDraw = False
150658,2461.801,EXP ,ref_att_quest1: autoDraw = False
150659,2461.801,EXP ,ref_att_scale1: autoDraw = False
150660,2461.801,EXP ,ref_att_quest1: text = u'Most refugees are victims of circumstances and deserve to be helped'
150661,2461.801,EXP ,ref_att_inst1: autoDraw = True
150662,2461.801,EXP ,ref_att_quest1: autoDraw = True
150663,2461.801,EXP ,ref_att_scale1: autoDraw = True
151684,2464.6304,DATA ,Keypress: 5
151787,2464.9135,DATA ,Keypress: return
151793,2464.9155,DATA ,RatingScale ref_att_scale1: (key response) rating=5
151794,2464.9155,DATA ,RatingScale ref_att_scale1: rating RT=3.121
151795,2464.9156,DATA ,"RatingScale ref_att_scale1: history=[(None, 0.0), (5, 2.838), (5, 3.121)]"
151797,2464.9306,EXP ,"New trial (rep=0, index=4): {'questionone': u'It is not wise to trust a refugee too far'}"
151798,2464.9667,EXP ,RatingScale ref_att_scale1: reset()
151805,2464.9742,EXP ,ref_att_inst1: autoDraw = False
151806,2464.9742,EXP ,ref_att_quest1: autoDraw = False
151807,2464.9742,EXP ,ref_att_scale1: autoDraw = False
151808,2464.9742,EXP ,ref_att_quest1: text = u'It is not wise to trust a refugee too far'
151809,2464.9742,EXP ,ref_att_inst1: autoDraw = True
151810,2464.9742,EXP ,ref_att_quest1: autoDraw = True
151811,2464.9742,EXP ,ref_att_scale1: autoDraw = True
153677,2470.1457,DATA ,Keypress: 2
153955,2470.9273,DATA ,Keypress: return
153961,2470.9292,DATA ,RatingScale ref_att_scale1: (key response) rating=2
153962,2470.9292,DATA ,RatingScale ref_att_scale1: rating RT=5.962
153963,2470.9292,DATA ,"RatingScale ref_att_scale1: history=[(None, 0.0), (2, 5.179), (2, 5.962)]"
153965,2470.9446,EXP ,"New trial (rep=0, index=5): {'questionone': u'I think I will like many refugees'}"
153966,2470.979,EXP ,RatingScale ref_att_scale1: reset()
153973,2470.9863,EXP ,ref_att_inst1: autoDraw = False
153974,2470.9863,EXP ,ref_att_quest1: autoDraw = False
153975,2470.9863,EXP ,ref_att_scale1: autoDraw = False
153976,2470.9863,EXP ,ref_att_quest1: text = u'I think I will like many refugees'
153977,2470.9863,EXP ,ref_att_inst1: autoDraw = True
153978,2470.9863,EXP ,ref_att_quest1: autoDraw = True
153979,2470.9863,EXP ,ref_att_scale1: autoDraw = True
156374,2477.6412,DATA ,Keypress: 3
156525,2478.0578,DATA ,Keypress: return
156531,2478.0606,DATA ,RatingScale ref_att_scale1: (key response) rating=3
156532,2478.0607,DATA ,RatingScale ref_att_scale1: rating RT=7.081
156533,2478.0607,DATA ,"RatingScale ref_att_scale1: history=[(None, 0.0), (3, 6.663), (3, 7.081)]"
156535,2478.0746,EXP ,"New trial (rep=0, index=6): {'questionone': u'Challenging living conditions and traumatic events in their countries just made the refugees bitter'}"
156536,2478.1494,EXP ,RatingScale ref_att_scale1: reset()
156543,2478.1569,EXP ,ref_att_inst1: autoDraw = False
156544,2478.1569,EXP ,ref_att_quest1: autoDraw = False
156545,2478.1569,EXP ,ref_att_scale1: autoDraw = False
156546,2478.1569,EXP ,ref_att_quest1: text = u'Challenging living conditions and traumatic events in their countries just made the refugees bitter'
156547,2478.1569,EXP ,ref_att_inst1: autoDraw = True
156548,2478.1569,EXP ,ref_att_quest1: autoDraw = True
156549,2478.1569,EXP ,ref_att_scale1: autoDraw = True
159406,2486.1373,DATA ,Keypress: 4
159527,2486.4706,DATA ,Keypress: return
159533,2486.4724,DATA ,RatingScale ref_att_scale1: (key response) rating=4
159534,2486.4725,DATA ,RatingScale ref_att_scale1: rating RT=8.323
159535,2486.4725,DATA ,"RatingScale ref_att_scale1: history=[(None, 0.0), (4, 7.989), (4, 8.323)]"
159537,2486.4876,EXP ,"New trial (rep=0, index=7): {'questionone': u'Give a refugee an inch and they will take a mile'}"
159538,2486.5327,EXP ,RatingScale ref_att_scale1: reset()
159545,2486.5403,EXP ,ref_att_inst1: autoDraw = False
159546,2486.5403,EXP ,ref_att_quest1: autoDraw = False
159547,2486.5403,EXP ,ref_att_scale1: autoDraw = False
159548,2486.5403,EXP ,ref_att_quest1: text = u'Give a refugee an inch and they will take a mile'
159549,2486.5403,EXP ,ref_att_inst1: autoDraw = True
159550,2486.5403,EXP ,ref_att_quest1: autoDraw = True
159551,2486.5403,EXP ,ref_att_scale1: autoDraw = True
160722,2489.8021,DATA ,Keypress: 2
160873,2490.2354,DATA ,Keypress: return
160879,2490.2372,DATA ,RatingScale ref_att_scale1: (key response) rating=2
160880,2490.2372,DATA ,RatingScale ref_att_scale1: rating RT=3.704
160881,2490.2372,DATA ,"RatingScale ref_att_scale1: history=[(None, 0.0), (2, 3.271), (2, 3.704)]"
160883,2490.2523,EXP ,"New trial (rep=0, index=8): {'questionone': u'Refugees need affection and praise just like anybody else'}"
160884,2490.301,EXP ,RatingScale ref_att_scale1: reset()
160891,2490.3086,EXP ,ref_att_inst1: autoDraw = False
160892,2490.3086,EXP ,ref_att_quest1: autoDraw = False
160893,2490.3086,EXP ,ref_att_scale1: autoDraw = False
160894,2490.3086,EXP ,ref_att_quest1: text = u'Refugees need affection and praise just like anybody else'
160895,2490.3086,EXP ,ref_att_inst1: autoDraw = True
160896,2490.3086,EXP ,ref_att_quest1: autoDraw = True
160897,2490.3086,EXP ,ref_att_scale1: autoDraw = True
161803,2492.9375,DATA ,Keypress: 5
161936,2493.3026,DATA ,Keypress: return
161937,2493.3027,DATA ,RatingScale ref_att_scale1: (key response) rating=5
161938,2493.3028,DATA ,RatingScale ref_att_scale1: rating RT=3.001
161939,2493.3028,DATA ,"RatingScale ref_att_scale1: history=[(None, 0.0), (5, 2.636), (5, 3.001)]"
161941,2493.3177,EXP ,"New trial (rep=0, index=9): {'questionone': u'You should not expect too much from a refugee'}"
161942,2493.3581,EXP ,RatingScale ref_att_scale1: reset()
161949,2493.3666,EXP ,ref_att_inst1: autoDraw = False
161950,2493.3666,EXP ,ref_att_quest1: autoDraw = False
161951,2493.3666,EXP ,ref_att_scale1: autoDraw = False
161952,2493.3666,EXP ,ref_att_quest1: text = u'You should not expect too much from a refugee'
161953,2493.3666,EXP ,ref_att_inst1: autoDraw = True
161954,2493.3666,EXP ,ref_att_quest1: autoDraw = True
161955,2493.3666,EXP ,ref_att_scale1: autoDraw = True
163630,2498.015,DATA ,Keypress: 2
163757,2498.3649,DATA ,Keypress: return
163763,2498.3667,DATA ,RatingScale ref_att_scale1: (key response) rating=2
163764,2498.3667,DATA ,RatingScale ref_att_scale1: rating RT=5.008
163765,2498.3667,DATA ,"RatingScale ref_att_scale1: history=[(None, 0.0), (2, 4.658), (2, 5.008)]"
163767,2498.3819,EXP ,"New trial (rep=0, index=10): {'questionone': u'Trying to integrate refugees is a waste of time and money'}"
163768,2498.4256,EXP ,RatingScale ref_att_scale1: reset()
163775,2498.4324,EXP ,ref_att_inst1: autoDraw = False
163776,2498.4324,EXP ,ref_att_quest1: autoDraw = False
163777,2498.4324,EXP ,ref_att_scale1: autoDraw = False
163778,2498.4324,EXP ,ref_att_quest1: text = u'Trying to integrate refugees is a waste of time and money'
163779,2498.4324,EXP ,ref_att_inst1: autoDraw = True
163780,2498.4324,EXP ,ref_att_quest1: autoDraw = True
163781,2498.4324,EXP ,ref_att_scale1: autoDraw = True
164676,2500.9147,DATA ,Keypress: 2
164935,2501.6302,DATA ,Keypress: return
164941,2501.632,DATA ,RatingScale ref_att_scale1: (key response) rating=2
164942,2501.632,DATA ,RatingScale ref_att_scale1: rating RT=3.206
164943,2501.632,DATA ,"RatingScale ref_att_scale1: history=[(None, 0.0), (2, 2.491), (2, 3.206)]"
164945,2501.6471,EXP ,"New trial (rep=0, index=11): {'questionone': u'You never know when a refugee is telling the truth'}"
164946,2501.6905,EXP ,RatingScale ref_att_scale1: reset()
164953,2501.6975,EXP ,ref_att_inst1: autoDraw = False
164954,2501.6975,EXP ,ref_att_quest1: autoDraw = False
164955,2501.6975,EXP ,ref_att_scale1: autoDraw = False
164956,2501.6975,EXP ,ref_att_quest1: text = u'You never know when a refugee is telling the truth'
164957,2501.6975,EXP ,ref_att_inst1: autoDraw = True
164958,2501.6975,EXP ,ref_att_quest1: autoDraw = True
164959,2501.6975,EXP ,ref_att_scale1: autoDraw = True
166298,2505.3969,DATA ,Keypress: 2
166425,2505.7615,DATA ,Keypress: return
166431,2505.7634,DATA ,RatingScale ref_att_scale1: (key response) rating=2
166432,2505.7635,DATA ,RatingScale ref_att_scale1: rating RT=4.072
166433,2505.7635,DATA ,"RatingScale ref_att_scale1: history=[(None, 0.0), (2, 3.722), (2, 4.072)]"
166435,2505.7786,EXP ,"New trial (rep=0, index=12): {'questionone': u'Refugees are no better or worse than other people'}"
166436,2505.8207,EXP ,RatingScale ref_att_scale1: reset()
166443,2505.8283,EXP ,ref_att_inst1: autoDraw = False
166444,2505.8283,EXP ,ref_att_quest1: autoDraw = False
166445,2505.8283,EXP ,ref_att_scale1: autoDraw = False
166446,2505.8283,EXP ,ref_att_quest1: text = u'Refugees are no better or worse than other people'
166447,2505.8283,EXP ,ref_att_inst1: autoDraw = True
166448,2505.8283,EXP ,ref_att_quest1: autoDraw = True
166449,2505.8283,EXP ,ref_att_scale1: autoDraw = True
168111,2510.4272,DATA ,Keypress: 4
169445,2514.1409,DATA ,Keypress: return
169451,2514.1427,DATA ,RatingScale ref_att_scale1: (key response) rating=4
169452,2514.1428,DATA ,RatingScale ref_att_scale1: rating RT=8.321
169453,2514.1428,DATA ,"RatingScale ref_att_scale1: history=[(None, 0.0), (4, 4.606), (4, 8.321)]"
169455,2514.158,EXP ,"New trial (rep=0, index=13): {'questionone': u'You have to be constantly on your guard with refugees'}"
169456,2514.208,EXP ,RatingScale ref_att_scale1: reset()
169463,2514.2166,EXP ,ref_att_inst1: autoDraw = False
169464,2514.2166,EXP ,ref_att_quest1: autoDraw = False
169465,2514.2166,EXP ,ref_att_scale1: autoDraw = False
169466,2514.2166,EXP ,ref_att_quest1: text = u'You have to be constantly on your guard with refugees'
169467,2514.2166,EXP ,ref_att_inst1: autoDraw = True
169468,2514.2166,EXP ,ref_att_quest1: autoDraw = True
169469,2514.2166,EXP ,ref_att_scale1: autoDraw = True
171384,2519.5389,DATA ,Keypress: 2
171517,2519.9059,DATA ,Keypress: return
171523,2519.9085,DATA ,RatingScale ref_att_scale1: (key response) rating=2
171524,2519.9086,DATA ,RatingScale ref_att_scale1: rating RT=5.699
171525,2519.9086,DATA ,"RatingScale ref_att_scale1: history=[(None, 0.0), (2, 5.331), (2, 5.699)]"
171527,2519.9223,EXP ,"New trial (rep=0, index=14): {'questionone': u'In general refugees think and act alike'}"
171528,2519.9588,EXP ,RatingScale ref_att_scale1: reset()
171535,2519.9667,EXP ,ref_att_inst1: autoDraw = False
171536,2519.9667,EXP ,ref_att_quest1: autoDraw = False
171537,2519.9667,EXP ,ref_att_scale1: autoDraw = False
171538,2519.9667,EXP ,ref_att_quest1: text = u'In general refugees think and act alike'
171539,2519.9667,EXP ,ref_att_inst1: autoDraw = True
171540,2519.9667,EXP ,ref_att_quest1: autoDraw = True
171541,2519.9667,EXP ,ref_att_scale1: autoDraw = True
173354,2525.0028,DATA ,Keypress: 4
173517,2525.4527,DATA ,Keypress: return
173523,2525.4545,DATA ,RatingScale ref_att_scale1: (key response) rating=4
173524,2525.4545,DATA ,RatingScale ref_att_scale1: rating RT=5.495
173525,2525.4545,DATA ,"RatingScale ref_att_scale1: history=[(None, 0.0), (4, 5.045), (4, 5.495)]"
173527,2525.4699,EXP ,"New trial (rep=0, index=15): {'questionone': u'If you give a refugee your respect they will give you the same'}"
173528,2525.5244,EXP ,RatingScale ref_att_scale1: reset()
173535,2525.5318,EXP ,ref_att_inst1: autoDraw = False
173536,2525.5318,EXP ,ref_att_quest1: autoDraw = False
173537,2525.5318,EXP ,ref_att_scale1: autoDraw = False
173538,2525.5318,EXP ,ref_att_quest1: text = u'If you give a refugee your respect they will give you the same'
173539,2525.5318,EXP ,ref_att_inst1: autoDraw = True
173540,2525.5318,EXP ,ref_att_quest1: autoDraw = True
173541,2525.5318,EXP ,ref_att_scale1: autoDraw = True
175258,2530.3003,DATA ,Keypress: 4
175414,2530.7185,DATA ,Keypress: return
175415,2530.7186,DATA ,RatingScale ref_att_scale1: (key response) rating=4
175416,2530.7186,DATA ,RatingScale ref_att_scale1: rating RT=5.194
175417,2530.7186,DATA ,"RatingScale ref_att_scale1: history=[(None, 0.0), (4, 4.777), (4, 5.194)]"
175419,2530.7349,EXP ,"New trial (rep=0, index=16): {'questionone': u'Refugees have feelings like the rest of us'}"
175420,2530.775,EXP ,RatingScale ref_att_scale1: reset()
175427,2530.7825,EXP ,ref_att_inst1: autoDraw = False
175428,2530.7825,EXP ,ref_att_quest1: autoDraw = False
175429,2530.7825,EXP ,ref_att_scale1: autoDraw = False
175430,2530.7825,EXP ,ref_att_quest1: text = u'Refugees have feelings like the rest of us'
175431,2530.7825,EXP ,ref_att_inst1: autoDraw = True
175432,2530.7825,EXP ,ref_att_quest1: autoDraw = True
175433,2530.7825,EXP ,ref_att_scale1: autoDraw = True
176562,2533.9155,DATA ,Keypress: 5
176653,2534.1656,DATA ,Keypress: return
176659,2534.1675,DATA ,RatingScale ref_att_scale1: (key response) rating=5
176660,2534.1675,DATA ,RatingScale ref_att_scale1: rating RT=3.392
176661,2534.1675,DATA ,"RatingScale ref_att_scale1: history=[(None, 0.0), (5, 3.141), (5, 3.392)]"
176663,2534.1841,EXP ,"Imported PIQ22.csv as conditions, 12 conditions, 1 params"
176664,2534.1843,EXP ,"Created sequence: sequential, trialTypes=12, nReps=1, seed=None"
176665,2534.1846,EXP ,"New trial (rep=0, index=0): {'QSTTWO': u'Refugees only think about themselves'}"
176666,2534.2213,EXP ,RatingScale ref_att_scale2: reset()
176673,2534.2304,EXP ,ref_att_inst1: autoDraw = False
176674,2534.2304,EXP ,ref_att_quest1: autoDraw = False
176675,2534.2304,EXP ,ref_att_scale1: autoDraw = False
176676,2534.2304,EXP ,ref_att_quest2: text = u'Refugees only think about themselves'
176677,2534.2304,EXP ,ref_att_inst2: autoDraw = True
176678,2534.2304,EXP ,ref_att_quest2: autoDraw = True
176679,2534.2304,EXP ,ref_att_scale2: autoDraw = True
177802,2537.3474,DATA ,Keypress: 2
177935,2537.7138,DATA ,Keypress: return
177941,2537.7156,DATA ,RatingScale ref_att_scale2: (key response) rating=2
177942,2537.7156,DATA ,RatingScale ref_att_scale2: rating RT=3.494
177943,2537.7157,DATA ,"RatingScale ref_att_scale2: history=[(None, 0.0), (2, 3.127), (2, 3.494)]"
177945,2537.7309,EXP ,"New trial (rep=0, index=1): {'QSTTWO': u'Most refugees are too lazy to earn an honest living'}"
177946,2537.7782,EXP ,RatingScale ref_att_scale2: reset()
177953,2537.7863,EXP ,ref_att_inst2: autoDraw = False
177954,2537.7863,EXP ,ref_att_quest2: autoDraw = False
177955,2537.7863,EXP ,ref_att_scale2: autoDraw = False
177956,2537.7863,EXP ,ref_att_quest2: text = u'Most refugees are too lazy to earn an honest living'
177957,2537.7863,EXP ,ref_att_inst2: autoDraw = True
177958,2537.7863,EXP ,ref_att_quest2: autoDraw = True
177959,2537.7863,EXP ,ref_att_scale2: autoDraw = True
181758,2548.3257,DATA ,Keypress: 2
181885,2548.6613,DATA ,Keypress: return
181891,2548.6774,DATA ,RatingScale ref_att_scale2: (key response) rating=2
181892,2548.6774,DATA ,RatingScale ref_att_scale2: rating RT=10.899
181893,2548.6774,DATA ,"RatingScale ref_att_scale2: history=[(None, 0.0), (2, 10.548), (2, 10.898)]"
181895,2548.6933,EXP ,"New trial (rep=0, index=2): {'QSTTWO': u'I would not mind living next-door to a refugee'}"
181896,2548.7391,EXP ,RatingScale ref_att_scale2: reset()
181903,2548.7465,EXP ,ref_att_inst2: autoDraw = False
181904,2548.7465,EXP ,ref_att_quest2: autoDraw = False
181905,2548.7465,EXP ,ref_att_scale2: autoDraw = False
181906,2548.7465,EXP ,ref_att_quest2: text = u'I would not mind living next-door to a refugee'
181907,2548.7465,EXP ,ref_att_inst2: autoDraw = True
181908,2548.7465,EXP ,ref_att_quest2: autoDraw = True
181909,2548.7465,EXP ,ref_att_scale2: autoDraw = True
184232,2555.1894,DATA ,Keypress: 4
184353,2555.5222,DATA ,Keypress: return
184359,2555.524,DATA ,RatingScale ref_att_scale2: (key response) rating=4
184360,2555.524,DATA ,RatingScale ref_att_scale2: rating RT=6.784
184361,2555.524,DATA ,"RatingScale ref_att_scale2: history=[(None, 0.0), (4, 6.451), (4, 6.784)]"
184363,2555.5393,EXP ,"New trial (rep=0, index=3): {'QSTTWO': u'Refugees are just plain mean at heart'}"
184364,2555.5742,EXP ,RatingScale ref_att_scale2: reset()
184371,2555.5818,EXP ,ref_att_inst2: autoDraw = False
184372,2555.5818,EXP ,ref_att_quest2: autoDraw = False
184373,2555.5818,EXP ,ref_att_scale2: autoDraw = False
184374,2555.5818,EXP ,ref_att_quest2: text = u'Refugees are just plain mean at heart'
184375,2555.5818,EXP ,ref_att_inst2: autoDraw = True
184376,2555.5818,EXP ,ref_att_quest2: autoDraw = True
184377,2555.5818,EXP ,ref_att_scale2: autoDraw = True
185620,2559.0371,DATA ,Keypress: 2
185753,2559.4039,DATA ,Keypress: return
185759,2559.4056,DATA ,RatingScale ref_att_scale2: (key response) rating=2
185760,2559.4057,DATA ,RatingScale ref_att_scale2: rating RT=3.831
185761,2559.4057,DATA ,"RatingScale ref_att_scale2: history=[(None, 0.0), (2, 3.464), (2, 3.831)]"
185763,2559.4208,EXP ,"New trial (rep=0, index=4): {'QSTTWO': u'Refugees are always trying to get something out of somebody'}"
185764,2559.4688,EXP ,RatingScale ref_att_scale2: reset()
185771,2559.4766,EXP ,ref_att_inst2: autoDraw = False
185772,2559.4766,EXP ,ref_att_quest2: autoDraw = False
185773,2559.4766,EXP ,ref_att_scale2: autoDraw = False
185774,2559.4766,EXP ,ref_att_quest2: text = u'Refugees are always trying to get something out of somebody'
185775,2559.4766,EXP ,ref_att_inst2: autoDraw = True
185776,2559.4766,EXP ,ref_att_quest2: autoDraw = True
185777,2559.4766,EXP ,ref_att_scale2: autoDraw = True
187038,2562.969,DATA ,Keypress: 2
187141,2563.2522,DATA ,Keypress: return
187147,2563.2541,DATA ,RatingScale ref_att_scale2: (key response) rating=2
187148,2563.2542,DATA ,RatingScale ref_att_scale2: rating RT=3.785
187149,2563.2542,DATA ,"RatingScale ref_att_scale2: history=[(None, 0.0), (2, 3.501), (2, 3.785)]"
187151,2563.2708,EXP ,"New trial (rep=0, index=5): {'QSTTWO': u'I would never want one of my children dating a refugee'}"
187152,2563.3182,EXP ,RatingScale ref_att_scale2: reset()
187159,2563.3253,EXP ,ref_att_inst2: autoDraw = False
187160,2563.3253,EXP ,ref_att_quest2: autoDraw = False
187161,2563.3253,EXP ,ref_att_scale2: autoDraw = False
187162,2563.3253,EXP ,ref_att_quest2: text = u'I would never want one of my children dating a refugee'
187163,2563.3253,EXP ,ref_att_inst2: autoDraw = True
187164,2563.3253,EXP ,ref_att_quest2: autoDraw = True
187165,2563.3253,EXP ,ref_att_scale2: autoDraw = True
189002,2568.4166,DATA ,Keypress: 2
189663,2570.2488,DATA ,Keypress: return
189669,2570.2505,DATA ,RatingScale ref_att_scale2: (key response) rating=2
189670,2570.2506,DATA ,RatingScale ref_att_scale2: rating RT=6.932
189671,2570.2506,DATA ,"RatingScale ref_att_scale2: history=[(None, 0.0), (2, 5.099), (2, 6.932)]"
189673,2570.2661,EXP ,"New trial (rep=0, index=6): {'QSTTWO': u'Most refugees have the capacity for love'}"
189674,2570.3108,EXP ,RatingScale ref_att_scale2: reset()
189681,2570.3181,EXP ,ref_att_inst2: autoDraw = False
189682,2570.3181,EXP ,ref_att_quest2: autoDraw = False
189683,2570.3181,EXP ,ref_att_scale2: autoDraw = False
189684,2570.3181,EXP ,ref_att_quest2: text = u'Most refugees have the capacity for love'
189685,2570.3181,EXP ,ref_att_inst2: autoDraw = True
189686,2570.3181,EXP ,ref_att_quest2: autoDraw = True
189687,2570.3181,EXP ,ref_att_scale2: autoDraw = True
191356,2574.9469,DATA ,Keypress: 5
191801,2576.1797,DATA ,Keypress: return
191807,2576.1816,DATA ,RatingScale ref_att_scale2: (key response) rating=5
191808,2576.1817,DATA ,RatingScale ref_att_scale2: rating RT=5.870
191809,2576.1817,DATA ,"RatingScale ref_att_scale2: history=[(None, 0.0), (5, 4.637), (5, 5.87)]"
191811,2576.1968,EXP ,"New trial (rep=0, index=7): {'QSTTWO': u'Refugees are just plain immoral'}"
191812,2576.2284,EXP ,RatingScale ref_att_scale2: reset()
191819,2576.2358,EXP ,ref_att_inst2: autoDraw = False
191820,2576.2358,EXP ,ref_att_quest2: autoDraw = False
191821,2576.2358,EXP ,ref_att_scale2: autoDraw = False
191822,2576.2358,EXP ,ref_att_quest2: text = u'Refugees are just plain immoral'
191823,2576.2358,EXP ,ref_att_inst2: autoDraw = True
191824,2576.2358,EXP ,ref_att_quest2: autoDraw = True
191825,2576.2358,EXP ,ref_att_scale2: autoDraw = True
192905,2579.2126,DATA ,Keypress: 2
193015,2579.5281,DATA ,Keypress: return
193021,2579.5299,DATA ,RatingScale ref_att_scale2: (key response) rating=2
193022,2579.53,DATA ,RatingScale ref_att_scale2: rating RT=3.301
193023,2579.53,DATA ,"RatingScale ref_att_scale2: history=[(None, 0.0), (2, 2.984), (2, 3.301)]"
193025,2579.545,EXP ,"New trial (rep=0, index=8): {'QSTTWO': u'Refugees should be under strict close observation'}"
193026,2579.591,EXP ,RatingScale ref_att_scale2: reset()
193033,2579.5982,EXP ,ref_att_inst2: autoDraw = False
193034,2579.5982,EXP ,ref_att_quest2: autoDraw = False
193035,2579.5982,EXP ,ref_att_scale2: autoDraw = False
193036,2579.5982,EXP ,ref_att_quest2: text = u'Refugees should be under strict close observation'
193037,2579.5982,EXP ,ref_att_inst2: autoDraw = True
193038,2579.5982,EXP ,ref_att_quest2: autoDraw = True
193039,2579.5982,EXP ,ref_att_scale2: autoDraw = True
194162,2582.7101,DATA ,Keypress: 3
194433,2583.4597,DATA ,Keypress: return
194439,2583.4615,DATA ,RatingScale ref_att_scale2: (key response) rating=3
194440,2583.4616,DATA ,RatingScale ref_att_scale2: rating RT=3.870
194441,2583.4616,DATA ,"RatingScale ref_att_scale2: history=[(None, 0.0), (3, 3.12), (3, 3.87)]"
194443,2583.4767,EXP ,"New trial (rep=0, index=9): {'QSTTWO': u'In general refugees are basically bad people'}"
194444,2583.5207,EXP ,RatingScale ref_att_scale2: reset()
194451,2583.5284,EXP ,ref_att_inst2: autoDraw = False
194452,2583.5284,EXP ,ref_att_quest2: autoDraw = False
194453,2583.5284,EXP ,ref_att_scale2: autoDraw = False
194454,2583.5284,EXP ,ref_att_quest2: text = u'In general refugees are basically bad people'
194455,2583.5284,EXP ,ref_att_inst2: autoDraw = True
194456,2583.5284,EXP ,ref_att_quest2: autoDraw = True
194457,2583.5284,EXP ,ref_att_scale2: autoDraw = True
197218,2591.1896,DATA ,Keypress: 2
197357,2591.5728,DATA ,Keypress: return
197363,2591.5748,DATA ,RatingScale ref_att_scale2: (key response) rating=2
197364,2591.5748,DATA ,RatingScale ref_att_scale2: rating RT=8.054
197365,2591.5748,DATA ,"RatingScale ref_att_scale2: history=[(None, 0.0), (2, 7.67), (2, 8.054)]"
197367,2591.5898,EXP ,"New trial (rep=0, index=10): {'QSTTWO': u'Most refugees can be integrated in new societies'}"
197368,2591.6365,EXP ,RatingScale ref_att_scale2: reset()
197375,2591.6444,EXP ,ref_att_inst2: autoDraw = False
197376,2591.6444,EXP ,ref_att_quest2: autoDraw = False
197377,2591.6444,EXP ,ref_att_scale2: autoDraw = False
197378,2591.6444,EXP ,ref_att_quest2: text = u'Most refugees can be integrated in new societies'
197379,2591.6444,EXP ,ref_att_inst2: autoDraw = True
197380,2591.6444,EXP ,ref_att_quest2: autoDraw = True
197381,2591.6444,EXP ,ref_att_scale2: autoDraw = True
198522,2594.8046,DATA ,Keypress: 4
198619,2595.0718,DATA ,Keypress: return
198625,2595.0747,DATA ,RatingScale ref_att_scale2: (key response) rating=4
198626,2595.0748,DATA ,RatingScale ref_att_scale2: rating RT=3.438
198627,2595.0748,DATA ,"RatingScale ref_att_scale2: history=[(None, 0.0), (4, 3.169), (4, 3.438)]"
198629,2595.0882,EXP ,"New trial (rep=0, index=11): {'QSTTWO': u'I would like to associate myself with some refugees'}"
198630,2595.133,EXP ,RatingScale ref_att_scale2: reset()
198637,2595.1409,EXP ,ref_att_inst2: autoDraw = False
198638,2595.1409,EXP ,ref_att_quest2: autoDraw = False
198639,2595.1409,EXP ,ref_att_scale2: autoDraw = False
198640,2595.1409,EXP ,ref_att_quest2: text = u'I would like to associate myself with some refugees'
198641,2595.1409,EXP ,ref_att_inst2: autoDraw = True
198642,2595.1409,EXP ,ref_att_quest2: autoDraw = True
198643,2595.1409,EXP ,ref_att_scale2: autoDraw = True
200336,2599.8354,DATA ,Keypress: 3
200625,2600.6351,DATA ,Keypress: 4
200878,2601.3349,DATA ,Keypress: 3
201106,2601.9553,DATA ,Keypress: 4
201498,2603.0507,DATA ,Keypress: return
201504,2603.0524,DATA ,RatingScale ref_att_scale2: (key response) rating=4
201505,2603.0525,DATA ,RatingScale ref_att_scale2: rating RT=7.919
201506,2603.0525,DATA ,"RatingScale ref_att_scale2: history=[(None, 0.0), (3, 4.703), (4, 5.503), (3, 6.203), (4, 6.822), (4, 7.919)]"
201508,2603.0693,EXP ,"Imported PIQ32.csv as conditions, 4 conditions, 1 params"
201509,2603.0695,EXP ,"Created sequence: sequential, trialTypes=4, nReps=1, seed=None"
201510,2603.0698,EXP ,"New trial (rep=0, index=0): {'QSTTHREE': u'1 Education (language courses/job training/university etc)\t'}"
201511,2603.126,EXP ,RatingScale ref_int_scale1: reset()
201518,2603.1351,EXP ,ref_att_inst2: autoDraw = False
201519,2603.1351,EXP ,ref_att_quest2: autoDraw = False
201520,2603.1351,EXP ,ref_att_scale2: autoDraw = False
201521,2603.1351,EXP ,ref_int_quest1: text = u'1 Education (language courses/job training/university etc)\t'
201522,2603.1351,EXP ,ref_int_inst1: autoDraw = True
201523,2603.1351,EXP ,ref_int_quest1: autoDraw = True
201524,2603.1351,EXP ,ref_int_scale1: autoDraw = True
202935,2607.0489,DATA ,Keypress: 4
203691,2609.133,DATA ,Keypress: 5
204947,2612.6299,DATA ,Keypress: return
204953,2612.6317,DATA ,RatingScale ref_int_scale1: (key response) rating=5
204954,2612.6317,DATA ,RatingScale ref_int_scale1: rating RT=9.505
204955,2612.6317,DATA ,"RatingScale ref_int_scale1: history=[(None, 0.0), (4, 3.923), (5, 6.006), (5, 9.505)]"
204957,2612.6478,EXP ,"New trial (rep=0, index=1): {'QSTTHREE': u'2 Medical Services (physical and mental health)'}"
204958,2612.6958,EXP ,RatingScale ref_int_scale1: reset()
204965,2612.7032,EXP ,ref_int_inst1: autoDraw = False
204966,2612.7032,EXP ,ref_int_quest1: autoDraw = False
204967,2612.7032,EXP ,ref_int_scale1: autoDraw = False
204968,2612.7032,EXP ,ref_int_quest1: text = u'2 Medical Services (physical and mental health)'
204969,2612.7032,EXP ,ref_int_inst1: autoDraw = True
204970,2612.7032,EXP ,ref_int_quest1: autoDraw = True
204971,2612.7032,EXP ,ref_int_scale1: autoDraw = True
205848,2615.1451,DATA ,Keypress: 4
205963,2615.4618,DATA ,Keypress: return
205969,2615.4636,DATA ,RatingScale ref_int_scale1: (key response) rating=4
205970,2615.4637,DATA ,RatingScale ref_int_scale1: rating RT=2.767
205971,2615.4637,DATA ,"RatingScale ref_int_scale1: history=[(None, 0.0), (4, 2.45), (4, 2.767)]"
205973,2615.479,EXP ,"New trial (rep=0, index=2): {'QSTTHREE': u'3 Housing'}"
205974,2615.5008,EXP ,RatingScale ref_int_scale1: reset()
205981,2615.5088,EXP ,ref_int_inst1: autoDraw = False
205982,2615.5088,EXP ,ref_int_quest1: autoDraw = False
205983,2615.5088,EXP ,ref_int_scale1: autoDraw = False
205984,2615.5088,EXP ,ref_int_quest1: text = u'3 Housing'
205985,2615.5088,EXP ,ref_int_inst1: autoDraw = True
205986,2615.5088,EXP ,ref_int_quest1: autoDraw = True
205987,2615.5088,EXP ,ref_int_scale1: autoDraw = True
206576,2617.1443,DATA ,Keypress: 4
206649,2617.3442,DATA ,Keypress: return
206655,2617.3461,DATA ,RatingScale ref_int_scale1: (key response) rating=4
206656,2617.3461,DATA ,RatingScale ref_int_scale1: rating RT=1.845
206657,2617.3462,DATA ,"RatingScale ref_int_scale1: history=[(None, 0.0), (4, 1.644), (4, 1.845)]"
206659,2617.3611,EXP ,"New trial (rep=0, index=3): {'QSTTHREE': u'4 Social activities (eg Sports)'}"
206660,2617.3989,EXP ,RatingScale ref_int_scale1: reset()
206667,2617.4066,EXP ,ref_int_inst1: autoDraw = False
206668,2617.4066,EXP ,ref_int_quest1: autoDraw = False
206669,2617.4066,EXP ,ref_int_scale1: autoDraw = False
206670,2617.4066,EXP ,ref_int_quest1: text = u'4 Social activities (eg Sports)'
206671,2617.4066,EXP ,ref_int_inst1: autoDraw = True
206672,2617.4066,EXP ,ref_int_quest1: autoDraw = True
206673,2617.4066,EXP ,ref_int_scale1: autoDraw = True
207388,2619.3933,DATA ,Keypress: 3
207508,2619.7118,DATA ,Keypress: return
207509,2619.7119,DATA ,RatingScale ref_int_scale1: (key response) rating=3
207510,2619.7119,DATA ,RatingScale ref_int_scale1: rating RT=2.312
207511,2619.7119,DATA ,"RatingScale ref_int_scale1: history=[(None, 0.0), (3, 1.995), (3, 2.312)]"
207513,2619.728,EXP ,"Imported PIQ42.csv as conditions, 10 conditions, 1 params"
207514,2619.7283,EXP ,"Created sequence: sequential, trialTypes=10, nReps=1, seed=None"
207515,2619.7285,EXP ,"New trial (rep=0, index=0): {'QSTFOUR': u'I am willing to help in integration of a refugee'}"
207516,2619.7718,EXP ,RatingScale ref_int_scale2: reset()
207523,2619.7812,EXP ,ref_int_inst1: autoDraw = False
207524,2619.7812,EXP ,ref_int_quest1: autoDraw = False
207525,2619.7812,EXP ,ref_int_scale1: autoDraw = False
207526,2619.7812,EXP ,ref_int_quest2: text = u'I am willing to help in integration of a refugee'
207527,2619.7812,EXP ,ref_int_inst2: autoDraw = True
207528,2619.7812,EXP ,ref_int_quest2: autoDraw = True
207529,2619.7812,EXP ,ref_int_scale2: autoDraw = True
209114,2624.1744,DATA ,Keypress: 3
209211,2624.4409,DATA ,Keypress: return
209217,2624.4427,DATA ,RatingScale ref_int_scale2: (key response) rating=3
209218,2624.4427,DATA ,RatingScale ref_int_scale2: rating RT=4.670
209219,2624.4427,DATA ,"RatingScale ref_int_scale2: history=[(None, 0.0), (3, 4.403), (3, 4.67)]"
209221,2624.458,EXP ,"New trial (rep=0, index=1): {'QSTFOUR': u'I am willing to connect with a refugee'}"
209222,2624.5026,EXP ,RatingScale ref_int_scale2: reset()
209229,2624.5099,EXP ,ref_int_inst2: autoDraw = False
209230,2624.5099,EXP ,ref_int_quest2: autoDraw = False
209231,2624.5099,EXP ,ref_int_scale2: autoDraw = False
209232,2624.5099,EXP ,ref_int_quest2: text = u'I am willing to connect with a refugee'
209233,2624.5099,EXP ,ref_int_inst2: autoDraw = True
209234,2624.5099,EXP ,ref_int_quest2: autoDraw = True
209235,2624.5099,EXP ,ref_int_scale2: autoDraw = True
210076,2626.8397,DATA ,Keypress: 3
210479,2627.9563,DATA ,Keypress: 4
212466,2633.4702,DATA ,Keypress: return
212472,2633.4722,DATA ,RatingScale ref_int_scale2: (key response) rating=4
212473,2633.4723,DATA ,RatingScale ref_int_scale2: rating RT=8.969
212474,2633.4723,DATA ,"RatingScale ref_int_scale2: history=[(None, 0.0), (3, 2.338), (4, 3.455), (4, 8.969)]"
212476,2633.4874,EXP ,"New trial (rep=0, index=2): {'QSTFOUR': u'I am willing to live next door to a refugee camp'}"
212477,2633.5302,EXP ,RatingScale ref_int_scale2: reset()
212484,2633.5379,EXP ,ref_int_inst2: autoDraw = False
212485,2633.5379,EXP ,ref_int_quest2: autoDraw = False
212486,2633.5379,EXP ,ref_int_scale2: autoDraw = False
212487,2633.5379,EXP ,ref_int_quest2: text = u'I am willing to live next door to a refugee camp'
212488,2633.5379,EXP ,ref_int_inst2: autoDraw = True
212489,2633.5379,EXP ,ref_int_quest2: autoDraw = True
212490,2633.5379,EXP ,ref_int_scale2: autoDraw = True
213325,2635.8524,DATA ,Keypress: 3
213458,2636.219,DATA ,Keypress: return
213464,2636.2209,DATA ,RatingScale ref_int_scale2: (key response) rating=3
213465,2636.2209,DATA ,RatingScale ref_int_scale2: rating RT=2.690
213466,2636.2209,DATA ,"RatingScale ref_int_scale2: history=[(None, 0.0), (3, 2.323), (3, 2.69)]"
213468,2636.236,EXP ,"New trial (rep=0, index=3): {'QSTFOUR': u'I would be willing to rent a room to a refugee'}"
213469,2636.2773,EXP ,RatingScale ref_int_scale2: reset()
213476,2636.2854,EXP ,ref_int_inst2: autoDraw = False
213477,2636.2854,EXP ,ref_int_quest2: autoDraw = False
213478,2636.2854,EXP ,ref_int_scale2: autoDraw = False
213479,2636.2854,EXP ,ref_int_quest2: text = u'I would be willing to rent a room to a refugee'
213480,2636.2854,EXP ,ref_int_inst2: autoDraw = True
213481,2636.2854,EXP ,ref_int_quest2: autoDraw = True
213482,2636.2854,EXP ,ref_int_scale2: autoDraw = True
214023,2637.785,DATA ,Keypress: 3
214366,2638.7347,DATA ,Keypress: return
214372,2638.7365,DATA ,RatingScale ref_int_scale2: (key response) rating=3
214373,2638.7366,DATA ,RatingScale ref_int_scale2: rating RT=2.459
214374,2638.7366,DATA ,"RatingScale ref_int_scale2: history=[(None, 0.0), (3, 1.509), (3, 2.459)]"
214376,2638.7517,EXP ,"New trial (rep=0, index=4): {'QSTFOUR': u'I would allow my children to interact with a refugee child'}"
214377,2638.8001,EXP ,RatingScale ref_int_scale2: reset()
214384,2638.8076,EXP ,ref_int_inst2: autoDraw = False
214385,2638.8076,EXP ,ref_int_quest2: autoDraw = False
214386,2638.8076,EXP ,ref_int_scale2: autoDraw = False
214387,2638.8076,EXP ,ref_int_quest2: text = u'I would allow my children to interact with a refugee child'
214388,2638.8076,EXP ,ref_int_inst2: autoDraw = True
214389,2638.8076,EXP ,ref_int_quest2: autoDraw = True
214390,2638.8076,EXP ,ref_int_scale2: autoDraw = True
215417,2641.6499,DATA ,Keypress: 4
215694,2642.4161,DATA ,Keypress: return
215700,2642.4181,DATA ,RatingScale ref_int_scale2: (key response) rating=4
215701,2642.4181,DATA ,RatingScale ref_int_scale2: rating RT=3.617
215702,2642.4182,DATA ,"RatingScale ref_int_scale2: history=[(None, 0.0), (4, 2.851), (4, 3.617)]"
215704,2642.4332,EXP ,"New trial (rep=0, index=5): {'QSTFOUR': u'I am willing to marry a refugee'}"
215705,2642.4675,EXP ,RatingScale ref_int_scale2: reset()
215712,2642.4751,EXP ,ref_int_inst2: autoDraw = False
215713,2642.4751,EXP ,ref_int_quest2: autoDraw = False
215714,2642.4751,EXP ,ref_int_scale2: autoDraw = False
215715,2642.4751,EXP ,ref_int_quest2: text = u'I am willing to marry a refugee'
215716,2642.4751,EXP ,ref_int_inst2: autoDraw = True
215717,2642.4751,EXP ,ref_int_quest2: autoDraw = True
215718,2642.4751,EXP ,ref_int_scale2: autoDraw = True
217315,2646.914,DATA ,Keypress: 3
218564,2650.3794,DATA ,Keypress: 4
218817,2651.079,DATA ,Keypress: 3
219070,2651.7787,DATA ,Keypress: return
219076,2651.7806,DATA ,RatingScale ref_int_scale2: (key response) rating=3
219077,2651.7807,DATA ,RatingScale ref_int_scale2: rating RT=9.313
219078,2651.7807,DATA ,"RatingScale ref_int_scale2: history=[(None, 0.0), (3, 4.447), (4, 7.913), (3, 8.613), (3, 9.313)]"
219080,2651.7958,EXP ,"New trial (rep=0, index=6): {'QSTFOUR': u'A refugee who wants to integrate will succeed'}"
219081,2651.8384,EXP ,RatingScale ref_int_scale2: reset()
219088,2651.8456,EXP ,ref_int_inst2: autoDraw = False
219089,2651.8456,EXP ,ref_int_quest2: autoDraw = False
219090,2651.8456,EXP ,ref_int_scale2: autoDraw = False
219091,2651.8456,EXP ,ref_int_quest2: text = u'A refugee who wants to integrate will succeed'
219092,2651.8456,EXP ,ref_int_inst2: autoDraw = True
219093,2651.8456,EXP ,ref_int_quest2: autoDraw = True
219094,2651.8456,EXP ,ref_int_scale2: autoDraw = True
220109,2654.6607,DATA ,Keypress: 5
220224,2654.9775,DATA ,Keypress: return
220230,2654.9795,DATA ,RatingScale ref_int_scale2: (key response) rating=5
220231,2654.9796,DATA ,RatingScale ref_int_scale2: rating RT=3.141
220232,2654.9796,DATA ,"RatingScale ref_int_scale2: history=[(None, 0.0), (5, 2.823), (5, 3.141)]"
220234,2654.9943,EXP ,"New trial (rep=0, index=7): {'QSTFOUR': u'Refugees who show motivation for integration should be helped and assisted'}"
220235,2655.0503,EXP ,RatingScale ref_int_scale2: reset()
220242,2655.0577,EXP ,ref_int_inst2: autoDraw = False
220243,2655.0577,EXP ,ref_int_quest2: autoDraw = False
220244,2655.0577,EXP ,ref_int_scale2: autoDraw = False
220245,2655.0577,EXP ,ref_int_quest2: text = u'Refugees who show motivation for integration should be helped and assisted'
220246,2655.0577,EXP ,ref_int_inst2: autoDraw = True
220247,2655.0577,EXP ,ref_int_quest2: autoDraw = True
220248,2655.0577,EXP ,ref_int_scale2: autoDraw = True
221821,2659.425,DATA ,Keypress: 5
222104,2660.2081,DATA ,Keypress: return
222110,2660.2101,DATA ,RatingScale ref_int_scale2: (key response) rating=5
222111,2660.2101,DATA ,RatingScale ref_int_scale2: rating RT=5.159
222112,2660.2101,DATA ,"RatingScale ref_int_scale2: history=[(None, 0.0), (5, 4.375), (5, 5.159)]"
222114,2660.225,EXP ,"New trial (rep=0, index=8): {'QSTFOUR': u'Refugees are also victims'}"
222115,2660.2539,EXP ,RatingScale ref_int_scale2: reset()
222122,2660.2617,EXP ,ref_int_inst2: autoDraw = False
222123,2660.2617,EXP ,ref_int_quest2: autoDraw = False
222124,2660.2617,EXP ,ref_int_scale2: autoDraw = False
222125,2660.2617,EXP ,ref_int_quest2: text = u'Refugees are also victims'
222126,2660.2617,EXP ,ref_int_inst2: autoDraw = True
222127,2660.2617,EXP ,ref_int_quest2: autoDraw = True
222128,2660.2617,EXP ,ref_int_scale2: autoDraw = True
222765,2662.024,DATA ,Keypress: 5
222856,2662.2744,DATA ,Keypress: return
222862,2662.2777,DATA ,RatingScale ref_int_scale2: (key response) rating=5
222863,2662.2778,DATA ,RatingScale ref_int_scale2: rating RT=2.023
222864,2662.2778,DATA ,"RatingScale ref_int_scale2: history=[(None, 0.0), (5, 1.771), (5, 2.023)]"
222866,2662.291,EXP ,"New trial (rep=0, index=9): {'QSTFOUR': u'Refugees should be closely supervised'}"
222867,2662.3293,EXP ,RatingScale ref_int_scale2: reset()
222874,2662.3368,EXP ,ref_int_inst2: autoDraw = False
222875,2662.3368,EXP ,ref_int_quest2: autoDraw = False
222876,2662.3368,EXP ,ref_int_scale2: autoDraw = False
222877,2662.3368,EXP ,ref_int_quest2: text = u'Refugees should be closely supervised'
222878,2662.3368,EXP ,ref_int_inst2: autoDraw = True
222879,2662.3368,EXP ,ref_int_quest2: autoDraw = True
222880,2662.3368,EXP ,ref_int_scale2: autoDraw = True
223667,2664.6726,DATA ,Keypress: 2
223752,2664.9058,DATA ,Keypress: return
223758,2664.9075,DATA ,RatingScale ref_int_scale2: (key response) rating=2
223759,2664.9076,DATA ,RatingScale ref_int_scale2: rating RT=2.578
223760,2664.9076,DATA ,"RatingScale ref_int_scale2: history=[(None, 0.0), (2, 2.344), (2, 2.578)]"
223763,2664.9388,EXP ,ref_int_inst2: autoDraw = False
223764,2664.9388,EXP ,ref_int_quest2: autoDraw = False
223765,2664.9388,EXP ,ref_int_scale2: autoDraw = False
223766,2664.9388,EXP ,trust_rat_inst: autoDraw = True
224660,2679.8158,DATA ,Keypress: space
224662,2679.9526,EXP ,trust_rat_inst: autoDraw = False
224663,2679.9526,EXP ,av_mov: movie = u'C:\\Users\\default.DMXIA_SIMO83\\Desktop\\Booth\\experiment\\I_b1w2\\videos\\b1.mp4'
224664,2679.9526,EXP ,av_mov: autoLog = True
224665,2679.9526,EXP ,av_mov: autoDraw = True
224675,2767.5665,WARNING ,Multiple Movie frames have occurred - I'll stop bothering you about them!
224676,2980.2335,EXP ,Set av_mov finished
224678,2980.2462,EXP ,av_mov: autoDraw = False
224679,2980.2462,EXP ,end_mess_inst: autoDraw = True
224685,2980.329,EXP ,Set av_mov finished
225677,2996.8385,DATA ,Keypress: space
225678,3003.5566,EXP ,window1: mouseVisible = True
